Effective date,Dow Jones Sukuk Total Return Index (ex-Reinvestment)
2014-02-28 00:00:00,146.75
2014-03-03 00:00:00,146.76
2014-03-04 00:00:00,146.79
2014-03-05 00:00:00,146.63
2014-03-06 00:00:00,146.49
2014-03-07 00:00:00,146.42
2014-03-10 00:00:00,146.32
2014-03-11 00:00:00,146.33
2014-03-12 00:00:00,146.36
2014-03-13 00:00:00,146.46
2014-03-14 00:00:00,146.42
2014-03-17 00:00:00,146.62
2014-03-18 00:00:00,146.73
2014-03-19 00:00:00,146.86
2014-03-20 00:00:00,146.62
2014-03-21 00:00:00,146.62
2014-03-24 00:00:00,146.66
2014-03-25 00:00:00,146.72
2014-03-26 00:00:00,146.84
2014-03-27 00:00:00,146.96
2014-03-28 00:00:00,147.04
2014-03-31 00:00:00,147.12
2014-04-01 00:00:00,147.1
2014-04-02 00:00:00,147.01
2014-04-03 00:00:00,146.81
2014-04-04 00:00:00,146.87
2014-04-07 00:00:00,147.09
2014-04-08 00:00:00,147.19
2014-04-09 00:00:00,147.2
2014-04-10 00:00:00,147.35
2014-04-11 00:00:00,147.32
2014-04-14 00:00:00,147.32
2014-04-15 00:00:00,147.25
2014-04-16 00:00:00,147.29
2014-04-17 00:00:00,147.35
2014-04-18 00:00:00,147.36
2014-04-21 00:00:00,147.38
2014-04-22 00:00:00,147.43
2014-04-23 00:00:00,147.45
2014-04-24 00:00:00,147.51
2014-04-25 00:00:00,147.54
2014-04-28 00:00:00,147.6
2014-04-29 00:00:00,147.66
2014-04-30 00:00:00,147.71
2014-05-01 00:00:00,147.84
2014-05-02 00:00:00,147.88
2014-05-05 00:00:00,147.99
2014-05-06 00:00:00,148.12
2014-05-07 00:00:00,148.38
2014-05-08 00:00:00,148.56
2014-05-09 00:00:00,148.6
2014-05-12 00:00:00,148.61
2014-05-13 00:00:00,148.61
2014-05-14 00:00:00,148.83
2014-05-15 00:00:00,148.91
2014-05-16 00:00:00,148.94
2014-05-19 00:00:00,149.07
2014-05-20 00:00:00,149.02
2014-05-21 00:00:00,149.16
2014-05-22 00:00:00,149.17
2014-05-23 00:00:00,149.24
2014-05-26 00:00:00,149.29
2014-05-27 00:00:00,149.35
2014-05-28 00:00:00,149.53
2014-05-29 00:00:00,149.68
2014-05-30 00:00:00,149.64
2014-06-02 00:00:00,149.59
2014-06-03 00:00:00,149.51
2014-06-04 00:00:00,149.39
2014-06-05 00:00:00,149.44
2014-06-06 00:00:00,149.71
2014-06-09 00:00:00,149.8
2014-06-10 00:00:00,149.72
2014-06-11 00:00:00,149.63
2014-06-12 00:00:00,149.67
2014-06-13 00:00:00,149.62
2014-06-16 00:00:00,149.55
2014-06-17 00:00:00,149.44
2014-06-18 00:00:00,149.32
2014-06-19 00:00:00,149.44
2014-06-20 00:00:00,149.37
2014-06-23 00:00:00,149.44
2014-06-24 00:00:00,149.43
2014-06-25 00:00:00,149.54
2014-06-26 00:00:00,149.58
2014-06-27 00:00:00,149.61
2014-06-30 00:00:00,149.66
2014-07-01 00:00:00,149.7
2014-07-02 00:00:00,149.61
2014-07-03 00:00:00,149.49
2014-07-04 00:00:00,149.5
2014-07-07 00:00:00,149.6
2014-07-08 00:00:00,149.69
2014-07-09 00:00:00,149.78
2014-07-10 00:00:00,149.87
2014-07-11 00:00:00,149.86
2014-07-14 00:00:00,150.01
2014-07-15 00:00:00,149.99
2014-07-16 00:00:00,149.99
2014-07-17 00:00:00,150.02
2014-07-18 00:00:00,150.02
2014-07-21 00:00:00,150.09
2014-07-22 00:00:00,150.13
2014-07-23 00:00:00,150.29
2014-07-24 00:00:00,150.32
2014-07-25 00:00:00,150.33
2014-07-28 00:00:00,150.37
2014-07-29 00:00:00,150.42
2014-07-30 00:00:00,150.41
2014-07-31 00:00:00,150.24
2014-08-01 00:00:00,150.11
2014-08-04 00:00:00,150.22
2014-08-05 00:00:00,150.21
2014-08-06 00:00:00,150.16
2014-08-07 00:00:00,150.12
2014-08-08 00:00:00,150.11
2014-08-11 00:00:00,150.22
2014-08-12 00:00:00,150.35
2014-08-13 00:00:00,150.49
2014-08-14 00:00:00,150.74
2014-08-15 00:00:00,150.88
2014-08-18 00:00:00,150.91
2014-08-19 00:00:00,151.09
2014-08-20 00:00:00,151.1
2014-08-21 00:00:00,151.07
2014-08-22 00:00:00,151.11
2014-08-25 00:00:00,151.14
2014-08-26 00:00:00,151.26
2014-08-27 00:00:00,151.38
2014-08-28 00:00:00,151.45
2014-08-29 00:00:00,151.54
2014-09-01 00:00:00,151.56
2014-09-02 00:00:00,151.53
2014-09-03 00:00:00,151.45
2014-09-04 00:00:00,151.6
2014-09-05 00:00:00,151.57
2014-09-08 00:00:00,151.65
2014-09-09 00:00:00,151.5
2014-09-10 00:00:00,151.34
2014-09-11 00:00:00,151.27
2014-09-12 00:00:00,150.97
2014-09-15 00:00:00,150.77
2014-09-16 00:00:00,150.88
2014-09-17 00:00:00,150.84
2014-09-18 00:00:00,150.71
2014-09-19 00:00:00,150.71
2014-09-22 00:00:00,151.04
2014-09-23 00:00:00,151.02
2014-09-24 00:00:00,151.06
2014-09-25 00:00:00,151.05
2014-09-26 00:00:00,150.81
2014-09-29 00:00:00,150.6
2014-09-30 00:00:00,150.6
2014-10-01 00:00:00,150.66
2014-10-02 00:00:00,150.74
2014-10-03 00:00:00,150.72
2014-10-06 00:00:00,150.93
2014-10-07 00:00:00,151.04
2014-10-08 00:00:00,151.16
2014-10-09 00:00:00,151.61
2014-10-10 00:00:00,151.49
2014-10-13 00:00:00,151.5
2014-10-14 00:00:00,151.75
2014-10-15 00:00:00,151.98
2014-10-16 00:00:00,151.96
2014-10-17 00:00:00,152.05
2014-10-20 00:00:00,152.06
2014-10-21 00:00:00,152.19
2014-10-22 00:00:00,152.24
2014-10-23 00:00:00,152.24
2014-10-24 00:00:00,152.28
2014-10-27 00:00:00,152.34
2014-10-28 00:00:00,152.37
2014-10-29 00:00:00,152.37
2014-10-30 00:00:00,152.32
2014-10-31 00:00:00,152.31
2014-11-03 00:00:00,152.41
2014-11-04 00:00:00,152.45
2014-11-05 00:00:00,152.39
2014-11-06 00:00:00,152.39
2014-11-07 00:00:00,152.37
2014-11-10 00:00:00,152.68
2014-11-11 00:00:00,152.65
2014-11-12 00:00:00,152.71
2014-11-13 00:00:00,152.68
2014-11-14 00:00:00,152.67
2014-11-17 00:00:00,152.75
2014-11-18 00:00:00,152.77
2014-11-19 00:00:00,152.71
2014-11-20 00:00:00,152.71
2014-11-21 00:00:00,152.82
2014-11-24 00:00:00,152.91
2014-11-25 00:00:00,152.97
2014-11-26 00:00:00,153.08
2014-11-27 00:00:00,153.13
2014-11-28 00:00:00,153.29
2014-12-01 00:00:00,153.32
2014-12-02 00:00:00,153.22
2014-12-03 00:00:00,153.16
2014-12-04 00:00:00,153.24
2014-12-05 00:00:00,153.15
2014-12-08 00:00:00,153.07
2014-12-09 00:00:00,153.04
2014-12-10 00:00:00,152.94
2014-12-11 00:00:00,152.83
2014-12-12 00:00:00,152.57
2014-12-15 00:00:00,152.09
2014-12-16 00:00:00,150.84
2014-12-17 00:00:00,151.49
2014-12-18 00:00:00,151.71
2014-12-19 00:00:00,151.84
2014-12-22 00:00:00,152.12
2014-12-23 00:00:00,152.21
2014-12-24 00:00:00,152.23
2014-12-26 00:00:00,152.26
2014-12-29 00:00:00,152.39
2014-12-30 00:00:00,152.46
2014-12-31 00:00:00,152.5
2015-01-02 00:00:00,152.67
2015-01-05 00:00:00,152.96
2015-01-06 00:00:00,152.88
2015-01-07 00:00:00,153
2015-01-08 00:00:00,153.3
2015-01-09 00:00:00,153.32
2015-01-12 00:00:00,153.52
2015-01-13 00:00:00,153.76
2015-01-14 00:00:00,154.09
2015-01-15 00:00:00,154.23
2015-01-16 00:00:00,154.39
2015-01-19 00:00:00,154.39
2015-01-20 00:00:00,154.52
2015-01-21 00:00:00,154.58
2015-01-22 00:00:00,154.45
2015-01-23 00:00:00,154.7
2015-01-26 00:00:00,154.79
2015-01-27 00:00:00,154.91
2015-01-28 00:00:00,154.96
2015-01-29 00:00:00,155.16
2015-01-30 00:00:00,155.22
2015-02-02 00:00:00,155.32
2015-02-03 00:00:00,155.37
2015-02-04 00:00:00,155.33
2015-02-05 00:00:00,155.35
2015-02-06 00:00:00,155.31
2015-02-09 00:00:00,155.14
2015-02-10 00:00:00,154.76
2015-02-11 00:00:00,154.72
2015-02-12 00:00:00,154.68
2015-02-13 00:00:00,154.83
2015-02-16 00:00:00,154.88
2015-02-17 00:00:00,154.8
2015-02-18 00:00:00,154.72
2015-02-19 00:00:00,154.78
2015-02-20 00:00:00,154.75
2015-02-23 00:00:00,154.81
2015-02-24 00:00:00,154.92
2015-02-25 00:00:00,155.13
2015-02-26 00:00:00,155.31
2015-02-27 00:00:00,155.23
2015-03-02 00:00:00,155.31
2015-03-03 00:00:00,155.17
2015-03-04 00:00:00,155.04
2015-03-05 00:00:00,155.03
2015-03-06 00:00:00,154.92
2015-03-09 00:00:00,154.61
2015-03-10 00:00:00,154.4
2015-03-11 00:00:00,154.39
2015-03-12 00:00:00,154.5
2015-03-13 00:00:00,154.41
2015-03-16 00:00:00,154.34
2015-03-17 00:00:00,154.32
2015-03-18 00:00:00,154.33
2015-03-19 00:00:00,154.78
2015-03-20 00:00:00,154.92
2015-03-23 00:00:00,155.05
2015-03-24 00:00:00,155.13
2015-03-25 00:00:00,155.24
2015-03-26 00:00:00,154.87
2015-03-27 00:00:00,154.75
2015-03-30 00:00:00,154.91
2015-03-31 00:00:00,155
2015-04-01 00:00:00,155.17
2015-04-02 00:00:00,155.33
2015-04-03 00:00:00,155.36
2015-04-06 00:00:00,155.4
2015-04-07 00:00:00,155.49
2015-04-08 00:00:00,155.62
2015-04-09 00:00:00,155.62
2015-04-10 00:00:00,155.57
2015-04-13 00:00:00,155.61
2015-04-14 00:00:00,155.7
2015-04-15 00:00:00,155.73
2015-04-16 00:00:00,155.75
2015-04-17 00:00:00,155.77
2015-04-20 00:00:00,155.77
2015-04-21 00:00:00,155.8
2015-04-22 00:00:00,155.83
2015-04-23 00:00:00,155.78
2015-04-24 00:00:00,155.82
2015-04-27 00:00:00,155.88
2015-04-28 00:00:00,155.92
2015-04-29 00:00:00,155.72
2015-04-30 00:00:00,155.59
2015-05-01 00:00:00,155.49
2015-05-04 00:00:00,155.51
2015-05-05 00:00:00,155.32
2015-05-06 00:00:00,155.15
2015-05-07 00:00:00,155.04
2015-05-08 00:00:00,155.31
2015-05-11 00:00:00,155.4
2015-05-12 00:00:00,155.16
2015-05-13 00:00:00,155.21
2015-05-14 00:00:00,155.18
2015-05-15 00:00:00,155.41
2015-05-18 00:00:00,155.5
2015-05-19 00:00:00,155.53
2015-05-20 00:00:00,155.46
2015-05-21 00:00:00,155.61
2015-05-22 00:00:00,155.62
2015-05-25 00:00:00,155.65
2015-05-26 00:00:00,155.68
2015-05-27 00:00:00,155.65
2015-05-28 00:00:00,155.69
2015-05-29 00:00:00,155.69
2015-06-01 00:00:00,155.66
2015-06-02 00:00:00,155.45
2015-06-03 00:00:00,155.27
2015-06-04 00:00:00,154.89
2015-06-05 00:00:00,154.72
2015-06-08 00:00:00,154.53
2015-06-09 00:00:00,154.49
2015-06-10 00:00:00,154.22
2015-06-11 00:00:00,154.14
2015-06-12 00:00:00,154.34
2015-06-15 00:00:00,154.39
2015-06-16 00:00:00,154.28
2015-06-17 00:00:00,154.38
2015-06-18 00:00:00,154.84
2015-06-19 00:00:00,154.91
2015-06-22 00:00:00,154.99
2015-06-23 00:00:00,154.94
2015-06-24 00:00:00,154.96
2015-06-25 00:00:00,155.01
2015-06-26 00:00:00,154.91
2015-06-29 00:00:00,154.7
2015-06-30 00:00:00,154.67
2015-07-01 00:00:00,154.72
2015-07-02 00:00:00,154.73
2015-07-03 00:00:00,154.77
2015-07-06 00:00:00,154.99
2015-07-07 00:00:00,155.02
2015-07-08 00:00:00,155.09
2015-07-09 00:00:00,155.13
2015-07-10 00:00:00,155.07
2015-07-13 00:00:00,155.05
2015-07-14 00:00:00,155.06
2015-07-15 00:00:00,155.13
2015-07-16 00:00:00,155.18
2015-07-17 00:00:00,155.24
2015-07-20 00:00:00,155.28
2015-07-21 00:00:00,155.26
2015-07-22 00:00:00,155.34
2015-07-23 00:00:00,155.35
2015-07-24 00:00:00,155.35
2015-07-27 00:00:00,155.26
2015-07-28 00:00:00,155.31
2015-07-29 00:00:00,155.48
2015-07-30 00:00:00,155.42
2015-07-31 00:00:00,155.46
2015-08-03 00:00:00,155.61
2015-08-04 00:00:00,155.62
2015-08-05 00:00:00,155.54
2015-08-06 00:00:00,155.49
2015-08-07 00:00:00,155.48
2015-08-10 00:00:00,155.5
2015-08-11 00:00:00,155.52
2015-08-12 00:00:00,155.59
2015-08-13 00:00:00,155.47
2015-08-14 00:00:00,155.44
2015-08-17 00:00:00,155.36
2015-08-18 00:00:00,155.19
2015-08-19 00:00:00,154.99
2015-08-20 00:00:00,154.8
2015-08-21 00:00:00,154.68
2015-08-24 00:00:00,154.27
2015-08-25 00:00:00,154.34
2015-08-26 00:00:00,154.32
2015-08-27 00:00:00,154.55
2015-08-28 00:00:00,154.76
2015-08-31 00:00:00,154.69
2015-09-01 00:00:00,154.6
2015-09-02 00:00:00,154.53
2015-09-03 00:00:00,154.58
2015-09-04 00:00:00,154.6
2015-09-07 00:00:00,154.7
2015-09-08 00:00:00,154.65
2015-09-09 00:00:00,154.71
2015-09-10 00:00:00,154.63
2015-09-11 00:00:00,154.71
2015-09-14 00:00:00,154.79
2015-09-15 00:00:00,154.81
2015-09-16 00:00:00,154.77
2015-09-17 00:00:00,154.92
2015-09-18 00:00:00,155.46
2015-09-21 00:00:00,155.55
2015-09-22 00:00:00,155.4
2015-09-23 00:00:00,155.27
2015-09-24 00:00:00,155.03
2015-09-25 00:00:00,154.96
2015-09-28 00:00:00,154.97
2015-09-29 00:00:00,154.74
2015-09-30 00:00:00,154.8
2015-10-01 00:00:00,155.07
2015-10-02 00:00:00,155.26
2015-10-05 00:00:00,155.6
2015-10-06 00:00:00,155.81
2015-10-07 00:00:00,155.91
2015-10-08 00:00:00,155.76
2015-10-09 00:00:00,155.9
2015-10-12 00:00:00,155.97
2015-10-13 00:00:00,155.94
2015-10-14 00:00:00,156.01
2015-10-15 00:00:00,156.11
2015-10-16 00:00:00,156.26
2015-10-19 00:00:00,156.36
2015-10-20 00:00:00,156.29
2015-10-21 00:00:00,156.15
2015-10-22 00:00:00,156.24
2015-10-23 00:00:00,156.35
2015-10-26 00:00:00,156.38
2015-10-27 00:00:00,156.28
2015-10-28 00:00:00,156.17
2015-10-29 00:00:00,155.93
2015-10-30 00:00:00,155.76
2015-11-02 00:00:00,155.43
2015-11-03 00:00:00,155.55
2015-11-04 00:00:00,155.59
2015-11-05 00:00:00,155.51
2015-11-06 00:00:00,155.27
2015-11-09 00:00:00,154.99
2015-11-10 00:00:00,154.95
2015-11-11 00:00:00,154.92
2015-11-12 00:00:00,154.9
2015-11-13 00:00:00,154.91
2015-11-16 00:00:00,154.78
2015-11-17 00:00:00,154.66
2015-11-18 00:00:00,154.6
2015-11-19 00:00:00,154.67
2015-11-20 00:00:00,154.7
2015-11-23 00:00:00,154.82
2015-11-24 00:00:00,154.76
2015-11-25 00:00:00,154.76
2015-11-26 00:00:00,154.7
2015-11-27 00:00:00,154.71
2015-11-30 00:00:00,154.68
2015-12-01 00:00:00,154.81
2015-12-02 00:00:00,154.78
2015-12-03 00:00:00,154.65
2015-12-04 00:00:00,154.39
2015-12-07 00:00:00,154.47
2015-12-08 00:00:00,154.5
2015-12-09 00:00:00,154.47
2015-12-10 00:00:00,154.46
2015-12-11 00:00:00,154.33
2015-12-14 00:00:00,154.19
2015-12-15 00:00:00,154.09
2015-12-16 00:00:00,154.09
2015-12-17 00:00:00,154.29
2015-12-18 00:00:00,154.38
2015-12-21 00:00:00,154.37
2015-12-22 00:00:00,154.41
2015-12-23 00:00:00,154.38
2015-12-24 00:00:00,154.4
2015-12-28 00:00:00,154.45
2015-12-29 00:00:00,154.51
2015-12-30 00:00:00,154.4
2015-12-31 00:00:00,154.39
2016-01-04 00:00:00,154.54
2016-01-05 00:00:00,154.52
2016-01-06 00:00:00,154.3
2016-01-07 00:00:00,153.81
2016-01-08 00:00:00,153.79
2016-01-11 00:00:00,153.76
2016-01-12 00:00:00,153.65
2016-01-13 00:00:00,153.67
2016-01-14 00:00:00,153.53
2016-01-15 00:00:00,153.04
2016-01-18 00:00:00,152.96
2016-01-19 00:00:00,153.09
2016-01-20 00:00:00,152.88
2016-01-21 00:00:00,152.77
2016-01-22 00:00:00,153.1
2016-01-25 00:00:00,153.51
2016-01-26 00:00:00,153.46
2016-01-27 00:00:00,153.62
2016-01-28 00:00:00,154.13
2016-01-29 00:00:00,154.5
2016-02-01 00:00:00,154.51
2016-02-02 00:00:00,154.47
2016-02-03 00:00:00,154.47
2016-02-04 00:00:00,154.56
2016-02-05 00:00:00,154.63
2016-02-08 00:00:00,154.69
2016-02-09 00:00:00,154.72
2016-02-10 00:00:00,154.84
2016-02-11 00:00:00,154.94
2016-02-12 00:00:00,155.09
2016-02-15 00:00:00,155.3
2016-02-16 00:00:00,155.46
2016-02-17 00:00:00,155.53
2016-02-18 00:00:00,155.61
2016-02-19 00:00:00,155.75
2016-02-22 00:00:00,155.86
2016-02-23 00:00:00,155.81
2016-02-24 00:00:00,155.79
2016-02-25 00:00:00,155.92
2016-02-26 00:00:00,156.03
2016-02-29 00:00:00,156.19
2016-03-01 00:00:00,156.35
2016-03-02 00:00:00,156.42
2016-03-03 00:00:00,156.51
2016-03-04 00:00:00,156.54
2016-03-07 00:00:00,156.68
2016-03-08 00:00:00,156.65
2016-03-09 00:00:00,156.59
2016-03-10 00:00:00,156.63
2016-03-11 00:00:00,156.6
2016-03-14 00:00:00,156.76
2016-03-15 00:00:00,156.67
2016-03-16 00:00:00,156.74
2016-03-17 00:00:00,157.25
2016-03-18 00:00:00,157.42
2016-03-21 00:00:00,157.55
2016-03-22 00:00:00,157.63
2016-03-23 00:00:00,157.61
2016-03-24 00:00:00,157.54
2016-03-25 00:00:00,157.55
2016-03-28 00:00:00,157.61
2016-03-29 00:00:00,157.7
2016-03-30 00:00:00,157.96
2016-03-31 00:00:00,158.1
2016-04-01 00:00:00,158.05
2016-04-04 00:00:00,158.15
2016-04-05 00:00:00,158.15
2016-04-06 00:00:00,158.19
2016-04-07 00:00:00,158.3
2016-04-08 00:00:00,158.4
2016-04-11 00:00:00,158.46
2016-04-12 00:00:00,158.57
2016-04-13 00:00:00,158.76
2016-04-14 00:00:00,158.91
2016-04-15 00:00:00,159.05
2016-04-18 00:00:00,159.05
2016-04-19 00:00:00,159.19
2016-04-20 00:00:00,159.24
2016-04-21 00:00:00,159.31
2016-04-22 00:00:00,159.15
2016-04-25 00:00:00,159.08
2016-04-26 00:00:00,158.94
2016-04-27 00:00:00,159.04
2016-04-28 00:00:00,159.28
2016-04-29 00:00:00,159.39
2016-05-02 00:00:00,159.39
2016-05-03 00:00:00,159.53
2016-05-04 00:00:00,159.39
2016-05-05 00:00:00,159.42
2016-05-06 00:00:00,159.5
2016-05-09 00:00:00,159.57
2016-05-10 00:00:00,159.73
2016-05-11 00:00:00,159.84
2016-05-12 00:00:00,159.89
2016-05-13 00:00:00,159.88
2016-05-16 00:00:00,159.92
2016-05-17 00:00:00,159.89
2016-05-18 00:00:00,159.68
2016-05-19 00:00:00,159.01
2016-05-20 00:00:00,159.18
2016-05-23 00:00:00,159.38
2016-05-24 00:00:00,159.31
2016-05-25 00:00:00,159.31
2016-05-26 00:00:00,159.31
2016-05-27 00:00:00,159.39
2016-05-30 00:00:00,159.43
2016-05-31 00:00:00,159.21
2016-06-01 00:00:00,159.15
2016-06-02 00:00:00,159.05
2016-06-03 00:00:00,159.16
2016-06-06 00:00:00,159.52
2016-06-07 00:00:00,159.61
2016-06-08 00:00:00,159.76
2016-06-09 00:00:00,159.79
2016-06-10 00:00:00,159.66
2016-06-13 00:00:00,159.55
2016-06-14 00:00:00,159.57
2016-06-15 00:00:00,159.61
2016-06-16 00:00:00,159.8
2016-06-17 00:00:00,159.76
2016-06-20 00:00:00,159.96
2016-06-21 00:00:00,160.12
2016-06-22 00:00:00,160.1
2016-06-23 00:00:00,160.4
2016-06-24 00:00:00,160.31
2016-06-27 00:00:00,160.52
2016-06-28 00:00:00,160.83
2016-06-29 00:00:00,161.39
2016-06-30 00:00:00,161.42
2016-07-01 00:00:00,161.96
2016-07-04 00:00:00,161.85
2016-07-05 00:00:00,162.24
2016-07-06 00:00:00,162.32
2016-07-07 00:00:00,162.22
2016-07-08 00:00:00,162.43
2016-07-11 00:00:00,163.01
2016-07-12 00:00:00,162.64
2016-07-13 00:00:00,162.6
2016-07-14 00:00:00,162.47
2016-07-15 00:00:00,162.17
2016-07-18 00:00:00,162.07
2016-07-19 00:00:00,162.11
2016-07-20 00:00:00,161.92
2016-07-21 00:00:00,161.86
2016-07-22 00:00:00,161.94
2016-07-25 00:00:00,162.04
2016-07-26 00:00:00,162.14
2016-07-27 00:00:00,162.16
2016-07-28 00:00:00,162.46
2016-07-29 00:00:00,162.42
2016-08-01 00:00:00,162.67
2016-08-02 00:00:00,162.69
2016-08-03 00:00:00,162.46
2016-08-04 00:00:00,162.59
2016-08-05 00:00:00,162.77
2016-08-08 00:00:00,162.78
2016-08-09 00:00:00,162.94
2016-08-10 00:00:00,163.17
2016-08-11 00:00:00,163.26
2016-08-12 00:00:00,163.36
2016-08-15 00:00:00,164.06
2016-08-16 00:00:00,164.08
2016-08-17 00:00:00,164.19
2016-08-18 00:00:00,164.57
2016-08-19 00:00:00,164.55
2016-08-22 00:00:00,164.45
2016-08-23 00:00:00,164.41
2016-08-25 00:00:00,164.38
2016-08-26 00:00:00,164.4
2016-08-29 00:00:00,164.37
2016-08-30 00:00:00,164.31
2016-08-31 00:00:00,164.25
2016-09-01 00:00:00,164.03
2016-09-02 00:00:00,163.9
2016-09-05 00:00:00,163.92
2016-09-06 00:00:00,164.01
2016-09-07 00:00:00,164.33
2016-09-08 00:00:00,164.2
2016-09-09 00:00:00,164.01
2016-09-12 00:00:00,163.47
2016-09-13 00:00:00,163.64
2016-09-14 00:00:00,163.28
2016-09-15 00:00:00,163.26
2016-09-16 00:00:00,163.36
2016-09-19 00:00:00,163.42
2016-09-20 00:00:00,163.53
2016-09-21 00:00:00,163.65
2016-09-22 00:00:00,164.29
2016-09-23 00:00:00,164.31
2016-09-26 00:00:00,164.06
2016-09-27 00:00:00,164.03
2016-09-28 00:00:00,164.07
2016-09-29 00:00:00,164.02
2016-09-30 00:00:00,163.97
2016-10-03 00:00:00,163.92
2016-10-04 00:00:00,163.89
2016-10-05 00:00:00,163.66
2016-10-06 00:00:00,163.62
2016-10-07 00:00:00,163.56
2016-10-10 00:00:00,163.62
2016-10-11 00:00:00,163.31
2016-10-12 00:00:00,163.18
2016-10-13 00:00:00,163.2
2016-10-14 00:00:00,163.18
2016-10-17 00:00:00,163.1
2016-10-18 00:00:00,163.45
2016-10-19 00:00:00,163.7
2016-10-20 00:00:00,163.82
2016-10-21 00:00:00,163.83
2016-10-24 00:00:00,163.91
2016-10-25 00:00:00,163.89
2016-10-26 00:00:00,163.83
2016-10-27 00:00:00,163.59
2016-10-28 00:00:00,163.56
2016-10-31 00:00:00,163.48
2016-11-01 00:00:00,163.51
2016-11-02 00:00:00,163.65
2016-11-03 00:00:00,163.51
2016-11-04 00:00:00,163.6
2016-11-07 00:00:00,163.54
2016-11-08 00:00:00,163.57
2016-11-09 00:00:00,162.89
2016-11-10 00:00:00,162.65
2016-11-11 00:00:00,161.99
2016-11-14 00:00:00,160.37
2016-11-15 00:00:00,160.41
2016-11-16 00:00:00,160.48
2016-11-17 00:00:00,160.78
2016-11-18 00:00:00,160.42
2016-11-21 00:00:00,160.35
2016-11-22 00:00:00,160.58
2016-11-23 00:00:00,160.6
2016-11-24 00:00:00,160.37
2016-11-25 00:00:00,160.35
2016-11-28 00:00:00,160.62
2016-11-29 00:00:00,160.64
2016-11-30 00:00:00,160.56
2016-12-01 00:00:00,160.18
2016-12-02 00:00:00,160.34
2016-12-05 00:00:00,160.4
2016-12-06 00:00:00,160.42
2016-12-07 00:00:00,160.7
2016-12-08 00:00:00,160.86
2016-12-09 00:00:00,160.64
2016-12-12 00:00:00,160.51
2016-12-13 00:00:00,160.49
2016-12-14 00:00:00,160.73
2016-12-15 00:00:00,160.06
2016-12-16 00:00:00,160.16
2016-12-19 00:00:00,160.28
2016-12-20 00:00:00,160.32
2016-12-21 00:00:00,160.5
2016-12-22 00:00:00,160.56
2016-12-23 00:00:00,160.62
2016-12-27 00:00:00,160.58
2016-12-28 00:00:00,160.69
2016-12-29 00:00:00,160.9
2016-12-30 00:00:00,161.11
2017-01-03 00:00:00,161.29
2017-01-04 00:00:00,161.57
2017-01-05 00:00:00,162.2
2017-01-06 00:00:00,162.01
2017-01-09 00:00:00,162.06
2017-01-10 00:00:00,162.1
2017-01-11 00:00:00,162.24
2017-01-12 00:00:00,162.39
2017-01-13 00:00:00,162.06
2017-01-16 00:00:00,162.28
2017-01-17 00:00:00,162.39
2017-01-18 00:00:00,162.4
2017-01-19 00:00:00,161.98
2017-01-20 00:00:00,162.04
2017-01-23 00:00:00,162.25
2017-01-24 00:00:00,162.21
2017-01-25 00:00:00,162.07
2017-01-26 00:00:00,162.09
2017-01-27 00:00:00,162.07
2017-01-30 00:00:00,162.16
2017-01-31 00:00:00,162.24
2017-02-01 00:00:00,162.24
2017-02-02 00:00:00,162.41
2017-02-03 00:00:00,162.58
2017-02-06 00:00:00,162.93
2017-02-07 00:00:00,163.13
2017-02-08 00:00:00,163.24
2017-02-09 00:00:00,163.11
2017-02-10 00:00:00,163.18
2017-02-13 00:00:00,163.24
2017-02-14 00:00:00,163.22
2017-02-15 00:00:00,163.06
2017-02-16 00:00:00,163.19
2017-02-17 00:00:00,163.2
2017-02-20 00:00:00,163.32
2017-02-21 00:00:00,163.36
2017-02-22 00:00:00,163.26
2017-02-23 00:00:00,163.53
2017-02-24 00:00:00,163.65
2017-02-27 00:00:00,163.66
2017-02-28 00:00:00,163.8
2017-03-01 00:00:00,163.53
2017-03-02 00:00:00,163.3
2017-03-03 00:00:00,163.17
2017-03-06 00:00:00,163.22
2017-03-07 00:00:00,163.24
2017-03-08 00:00:00,163.05
2017-03-09 00:00:00,162.82
2017-03-10 00:00:00,162.75
2017-03-13 00:00:00,162.87
2017-03-14 00:00:00,162.78
2017-03-15 00:00:00,162.94
2017-03-16 00:00:00,163.21
2017-03-17 00:00:00,163.32
2017-03-20 00:00:00,163.54
2017-03-21 00:00:00,163.83
2017-03-22 00:00:00,163.75
2017-03-23 00:00:00,163.71
2017-03-24 00:00:00,163.87
2017-03-27 00:00:00,164.01
2017-03-28 00:00:00,163.94
2017-03-29 00:00:00,164.08
2017-03-30 00:00:00,164.04
2017-03-31 00:00:00,164.06
2017-04-03 00:00:00,164.25
2017-04-04 00:00:00,164.22
2017-04-05 00:00:00,164.24
2017-04-06 00:00:00,164.2
2017-04-07 00:00:00,164.13
2017-04-10 00:00:00,164.2
2017-04-11 00:00:00,164.27
2017-04-12 00:00:00,164.33
2017-04-13 00:00:00,164.53
2017-04-14 00:00:00,164.54
2017-04-17 00:00:00,164.55
2017-04-18 00:00:00,164.66
2017-04-19 00:00:00,164.63
2017-04-20 00:00:00,164.62
2017-04-21 00:00:00,164.77
2017-04-24 00:00:00,164.79
2017-04-25 00:00:00,164.65
2017-04-26 00:00:00,164.65
2017-04-27 00:00:00,164.86
2017-04-28 00:00:00,164.92
2017-05-01 00:00:00,164.74
2017-05-02 00:00:00,165.03
2017-05-03 00:00:00,165.07
2017-05-04 00:00:00,164.87
2017-05-05 00:00:00,164.85
2017-05-08 00:00:00,164.72
2017-05-09 00:00:00,164.71
2017-05-10 00:00:00,164.85
2017-05-11 00:00:00,164.93
2017-05-12 00:00:00,165.13
2017-05-15 00:00:00,165.11
2017-05-16 00:00:00,165.25
2017-05-17 00:00:00,165.55
2017-05-18 00:00:00,165.47
2017-05-19 00:00:00,165.5
2017-05-22 00:00:00,165.69
2017-05-23 00:00:00,165.62
2017-05-24 00:00:00,165.6
2017-05-25 00:00:00,165.86
2017-05-26 00:00:00,165.78
2017-05-29 00:00:00,165.9
2017-05-30 00:00:00,166.07
2017-05-31 00:00:00,166.13
2017-06-01 00:00:00,166.09
2017-06-02 00:00:00,166.32
2017-06-05 00:00:00,166.19
2017-06-06 00:00:00,166.2
2017-06-07 00:00:00,166.19
2017-06-08 00:00:00,166.03
2017-06-09 00:00:00,165.95
2017-06-12 00:00:00,166.2
2017-06-13 00:00:00,165.97
2017-06-14 00:00:00,166.48
2017-06-15 00:00:00,166.33
2017-06-16 00:00:00,166.51
2017-06-19 00:00:00,166.36
2017-06-20 00:00:00,166.52
2017-06-21 00:00:00,166.48
2017-06-22 00:00:00,166.33
2017-06-23 00:00:00,166.29
2017-06-26 00:00:00,166.38
2017-06-27 00:00:00,166.21
2017-06-28 00:00:00,166.28
2017-06-29 00:00:00,166.28
2017-06-30 00:00:00,166.11
2017-07-03 00:00:00,165.92
2017-07-04 00:00:00,165.92
2017-07-05 00:00:00,165.84
2017-07-06 00:00:00,165.55
2017-07-07 00:00:00,165.44
2017-07-10 00:00:00,165.5
2017-07-11 00:00:00,165.59
2017-07-12 00:00:00,165.79
2017-07-13 00:00:00,165.71
2017-07-14 00:00:00,165.98
2017-07-17 00:00:00,166.09
2017-07-18 00:00:00,166.31
2017-07-19 00:00:00,166.31
2017-07-20 00:00:00,166.45
2017-07-21 00:00:00,166.51
2017-07-24 00:00:00,166.49
2017-07-25 00:00:00,166.41
2017-07-26 00:00:00,166.37
2017-07-27 00:00:00,166.68
2017-07-28 00:00:00,166.76
2017-07-31 00:00:00,166.7
2017-08-01 00:00:00,166.93
2017-08-02 00:00:00,166.91
2017-08-03 00:00:00,167.04
2017-08-04 00:00:00,167.03
2017-08-07 00:00:00,167.04
2017-08-08 00:00:00,167.04
2017-08-09 00:00:00,167.1
2017-08-10 00:00:00,167.21
2017-08-11 00:00:00,167.29
2017-08-14 00:00:00,167.29
2017-08-15 00:00:00,167.21
2017-08-16 00:00:00,167.3
2017-08-17 00:00:00,167.5
2017-08-18 00:00:00,167.34
2017-08-21 00:00:00,167.52
2017-08-22 00:00:00,167.47
2017-08-23 00:00:00,167.57
2017-08-24 00:00:00,167.61
2017-08-25 00:00:00,167.71
2017-08-28 00:00:00,167.73
2017-08-29 00:00:00,167.89
2017-08-30 00:00:00,167.94
2017-08-31 00:00:00,168.03
2017-09-01 00:00:00,167.91
2017-09-04 00:00:00,168.23
2017-09-05 00:00:00,168.5
2017-09-06 00:00:00,168.43
2017-09-07 00:00:00,168.71
2017-09-08 00:00:00,168.71
2017-09-11 00:00:00,168.66
2017-09-12 00:00:00,168.41
2017-09-13 00:00:00,168.32
2017-09-14 00:00:00,168.32
2017-09-15 00:00:00,168.32
2017-09-18 00:00:00,168.29
2017-09-19 00:00:00,168.23
2017-09-20 00:00:00,168.26
2017-09-21 00:00:00,168.06
2017-09-22 00:00:00,168.07
2017-09-25 00:00:00,168.37
2017-09-26 00:00:00,168.16
2017-09-27 00:00:00,167.95
2017-09-28 00:00:00,167.88
2017-09-29 00:00:00,167.98
2017-10-02 00:00:00,167.93
2017-10-03 00:00:00,168.2
2017-10-04 00:00:00,168.14
2017-10-05 00:00:00,168.11
2017-10-06 00:00:00,168.26
2017-10-09 00:00:00,168.17
2017-10-10 00:00:00,168.27
2017-10-11 00:00:00,168.2
2017-10-12 00:00:00,168.3
2017-10-13 00:00:00,168.49
2017-10-16 00:00:00,168.52
2017-10-17 00:00:00,168.42
2017-10-18 00:00:00,168.41
2017-10-19 00:00:00,168.36
2017-10-20 00:00:00,168.17
2017-10-23 00:00:00,168.29
2017-10-24 00:00:00,168.21
2017-10-25 00:00:00,168.03
2017-10-26 00:00:00,167.92
2017-10-27 00:00:00,168.06
2017-10-30 00:00:00,168.31
2017-10-31 00:00:00,168.3
2017-11-01 00:00:00,168.27
2017-11-02 00:00:00,168.3
2017-11-03 00:00:00,168.36
2017-11-06 00:00:00,168.31
2017-11-07 00:00:00,168.25
2017-11-08 00:00:00,167.86
2017-11-09 00:00:00,168
2017-11-10 00:00:00,167.52
2017-11-13 00:00:00,167.56
2017-11-14 00:00:00,167.65
2017-11-15 00:00:00,167.66
2017-11-16 00:00:00,167.65
2017-11-17 00:00:00,167.87
2017-11-20 00:00:00,167.79
2017-11-21 00:00:00,167.86
2017-11-22 00:00:00,168.18
2017-11-23 00:00:00,168.14
2017-11-24 00:00:00,168.1
2017-11-27 00:00:00,168.24
2017-11-28 00:00:00,168.36
2017-11-29 00:00:00,168.18
2017-11-30 00:00:00,167.93
2017-12-01 00:00:00,168.25
2017-12-04 00:00:00,168.17
2017-12-05 00:00:00,168.24
2017-12-06 00:00:00,168.23
2017-12-07 00:00:00,168.2
2017-12-08 00:00:00,168.16
2017-12-11 00:00:00,168.08
2017-12-12 00:00:00,168.06
2017-12-13 00:00:00,168.04
2017-12-14 00:00:00,168.3
2017-12-15 00:00:00,168.27
2017-12-18 00:00:00,168.24
2017-12-19 00:00:00,168.08
2017-12-20 00:00:00,168.11
2017-12-21 00:00:00,168
2017-12-22 00:00:00,167.99
2017-12-26 00:00:00,168.18
2017-12-27 00:00:00,168.3
2017-12-28 00:00:00,168.2
2017-12-29 00:00:00,168.31
2018-01-02 00:00:00,168.08
2018-01-03 00:00:00,168.3
2018-01-04 00:00:00,168.38
2018-01-05 00:00:00,168.24
2018-01-08 00:00:00,168.36
2018-01-09 00:00:00,168.35
2018-01-10 00:00:00,168.21
2018-01-11 00:00:00,168.27
2018-01-12 00:00:00,168.17
2018-01-15 00:00:00,168.24
2018-01-16 00:00:00,168.24
2018-01-17 00:00:00,168.2
2018-01-18 00:00:00,168.15
2018-01-19 00:00:00,168.1
2018-01-22 00:00:00,168.07
2018-01-23 00:00:00,168.15
2018-01-24 00:00:00,168.09
2018-01-25 00:00:00,168.09
2018-01-26 00:00:00,167.91
2018-01-29 00:00:00,167.94
2018-01-30 00:00:00,167.76
2018-01-31 00:00:00,167.62
2018-02-01 00:00:00,167.54
2018-02-02 00:00:00,167.42
2018-02-05 00:00:00,167.31
2018-02-06 00:00:00,167.35
2018-02-07 00:00:00,167.17
2018-02-08 00:00:00,167.15
2018-02-09 00:00:00,166.84
2018-02-12 00:00:00,166.37
2018-02-13 00:00:00,166.35
2018-02-14 00:00:00,166.04
2018-02-15 00:00:00,166.02
2018-02-16 00:00:00,166.11
2018-02-19 00:00:00,166.04
2018-02-20 00:00:00,166.11
2018-02-21 00:00:00,166.17
2018-02-22 00:00:00,165.98
2018-02-23 00:00:00,166.1
2018-02-26 00:00:00,166.02
2018-02-27 00:00:00,165.8
2018-02-28 00:00:00,166.11
2018-03-01 00:00:00,166.07
2018-03-02 00:00:00,166
2018-03-05 00:00:00,165.94
2018-03-06 00:00:00,166.08
2018-03-07 00:00:00,166.02
2018-03-08 00:00:00,166.02
2018-03-09 00:00:00,165.97
2018-03-12 00:00:00,165.89
2018-03-13 00:00:00,165.99
2018-03-14 00:00:00,166.14
2018-03-15 00:00:00,166.14
2018-03-16 00:00:00,166.16
2018-03-19 00:00:00,166.05
2018-03-20 00:00:00,165.93
2018-03-21 00:00:00,165.93
2018-03-22 00:00:00,165.92
2018-03-23 00:00:00,165.79
2018-03-26 00:00:00,165.88
2018-03-27 00:00:00,166.06
2018-03-28 00:00:00,166.18
2018-03-29 00:00:00,166.32
2018-03-30 00:00:00,166.36
2018-04-02 00:00:00,166.34
2018-04-03 00:00:00,166.21
2018-04-04 00:00:00,166.24
2018-04-05 00:00:00,166.09
2018-04-06 00:00:00,166.39
2018-04-09 00:00:00,166.47
2018-04-10 00:00:00,166.43
2018-04-11 00:00:00,166.43
2018-04-12 00:00:00,166.17
2018-04-13 00:00:00,166.41
2018-04-16 00:00:00,166.36
2018-04-17 00:00:00,166.32
2018-04-18 00:00:00,166.04
2018-04-19 00:00:00,165.81
2018-04-20 00:00:00,165.62
2018-04-23 00:00:00,165.39
2018-04-24 00:00:00,165.35
2018-04-25 00:00:00,164.93
2018-04-26 00:00:00,165.02
2018-04-27 00:00:00,165.15
2018-04-30 00:00:00,165.3
2018-05-01 00:00:00,165.18
2018-05-02 00:00:00,165
2018-05-03 00:00:00,164.93
2018-05-04 00:00:00,164.71
2018-05-07 00:00:00,164.6
2018-05-08 00:00:00,164.49
2018-05-09 00:00:00,164.23
2018-05-10 00:00:00,164.46
2018-05-11 00:00:00,164.78
2018-05-14 00:00:00,164.81
2018-05-15 00:00:00,164.43
2018-05-16 00:00:00,164.34
2018-05-17 00:00:00,164.2
2018-05-18 00:00:00,164.24
2018-05-21 00:00:00,164.25
2018-05-22 00:00:00,164.36
2018-05-23 00:00:00,164.65
2018-05-24 00:00:00,164.96
2018-05-25 00:00:00,165.17
2018-05-28 00:00:00,165.48
2018-05-29 00:00:00,165.74
2018-05-30 00:00:00,165.57
2018-05-31 00:00:00,165.66
2018-06-01 00:00:00,165.43
2018-06-04 00:00:00,165.32
2018-06-05 00:00:00,165.53
2018-06-06 00:00:00,165.19
2018-06-07 00:00:00,165.33
2018-06-08 00:00:00,165.29
2018-06-11 00:00:00,165.31
2018-06-12 00:00:00,165.33
2018-06-13 00:00:00,165.32
2018-06-14 00:00:00,165.43
2018-06-15 00:00:00,165.42
2018-06-18 00:00:00,165.43
2018-06-19 00:00:00,165.44
2018-06-20 00:00:00,165.44
2018-06-21 00:00:00,165.55
2018-06-22 00:00:00,165.58
2018-06-25 00:00:00,165.73
2018-06-26 00:00:00,165.62
2018-06-27 00:00:00,165.74
2018-06-28 00:00:00,165.6
2018-06-29 00:00:00,165.83
2018-07-02 00:00:00,165.75
2018-07-03 00:00:00,165.91
2018-07-04 00:00:00,165.89
2018-07-05 00:00:00,166.08
2018-07-06 00:00:00,166.19
2018-07-09 00:00:00,166.52
2018-07-10 00:00:00,166.5
2018-07-11 00:00:00,166.46
2018-07-12 00:00:00,166.59
2018-07-13 00:00:00,166.95
2018-07-16 00:00:00,166.84
2018-07-17 00:00:00,166.93
2018-07-18 00:00:00,166.96
2018-07-19 00:00:00,167.04
2018-07-20 00:00:00,166.95
2018-07-23 00:00:00,166.76
2018-07-24 00:00:00,166.91
2018-07-25 00:00:00,167.02
2018-07-26 00:00:00,167
2018-07-27 00:00:00,167.05
2018-07-30 00:00:00,167.08
2018-07-31 00:00:00,167.1
2018-08-01 00:00:00,167
2018-08-02 00:00:00,166.87
2018-08-03 00:00:00,166.94
2018-08-06 00:00:00,167.12
2018-08-07 00:00:00,167.12
2018-08-08 00:00:00,167.13
2018-08-09 00:00:00,167.17
2018-08-10 00:00:00,167.3
2018-08-13 00:00:00,167.07
2018-08-14 00:00:00,167.05
2018-08-15 00:00:00,167.29
2018-08-16 00:00:00,167.17
2018-08-17 00:00:00,167.22
2018-08-20 00:00:00,167.5
2018-08-21 00:00:00,167.45
2018-08-22 00:00:00,167.45
2018-08-23 00:00:00,167.59
2018-08-24 00:00:00,167.62
2018-08-27 00:00:00,167.57
2018-08-28 00:00:00,167.63
2018-08-29 00:00:00,167.58
2018-08-30 00:00:00,167.67
2018-08-31 00:00:00,167.72
2018-09-03 00:00:00,167.65
2018-09-04 00:00:00,167.28
2018-09-05 00:00:00,167.26
2018-09-06 00:00:00,167.36
2018-09-07 00:00:00,167.29
2018-09-10 00:00:00,167.29
2018-09-11 00:00:00,167.16
2018-09-12 00:00:00,167.11
2018-09-13 00:00:00,167.16
2018-09-14 00:00:00,167.22
2018-09-17 00:00:00,167.26
2018-09-18 00:00:00,167.14
2018-09-19 00:00:00,166.93
2018-09-20 00:00:00,167.04
2018-09-21 00:00:00,167.19
2018-09-24 00:00:00,167.25
2018-09-25 00:00:00,167.05
2018-09-26 00:00:00,167.24
2018-09-27 00:00:00,167.46
2018-09-28 00:00:00,167.51
2018-10-01 00:00:00,167.55
2018-10-02 00:00:00,167.47
2018-10-03 00:00:00,167.49
2018-10-04 00:00:00,166.83
2018-10-05 00:00:00,166.68
2018-10-08 00:00:00,166.67
2018-10-09 00:00:00,166.68
2018-10-10 00:00:00,166.66
2018-10-11 00:00:00,166.71
2018-10-12 00:00:00,166.62
2018-10-15 00:00:00,166.48
2018-10-16 00:00:00,166.63
2018-10-17 00:00:00,166.67
2018-10-18 00:00:00,166.53
2018-10-19 00:00:00,166.37
2018-10-22 00:00:00,166.37
2018-10-23 00:00:00,166.41
2018-10-24 00:00:00,166.51
2018-10-25 00:00:00,166.43
2018-10-26 00:00:00,166.63
2018-10-29 00:00:00,166.61
2018-10-30 00:00:00,166.49
2018-10-31 00:00:00,166.43
2018-11-01 00:00:00,166.41
2018-11-02 00:00:00,166.22
2018-11-05 00:00:00,166.33
2018-11-06 00:00:00,166.38
2018-11-07 00:00:00,166.43
2018-11-08 00:00:00,166.38
2018-11-09 00:00:00,166.49
2018-11-12 00:00:00,166.54
2018-11-13 00:00:00,166.49
2018-11-14 00:00:00,166.55
2018-11-15 00:00:00,166.46
2018-11-16 00:00:00,166.58
2018-11-19 00:00:00,166.67
2018-11-20 00:00:00,166.51
2018-11-21 00:00:00,166.51
2018-11-22 00:00:00,166.51
2018-11-23 00:00:00,166.53
2018-11-26 00:00:00,166.54
2018-11-27 00:00:00,166.56
2018-11-28 00:00:00,166.62
2018-11-29 00:00:00,167.02
2018-11-30 00:00:00,167.02
2018-12-03 00:00:00,167.29
2018-12-04 00:00:00,167.51
2018-12-05 00:00:00,167.5
2018-12-06 00:00:00,167.73
2018-12-07 00:00:00,167.64
2018-12-10 00:00:00,167.99
2018-12-11 00:00:00,167.88
2018-12-12 00:00:00,167.84
2018-12-13 00:00:00,168.04
2018-12-14 00:00:00,168.12
2018-12-17 00:00:00,168.22
2018-12-18 00:00:00,168.31
2018-12-19 00:00:00,168.38
2018-12-20 00:00:00,168.41
2018-12-21 00:00:00,168.3
2018-12-24 00:00:00,168.37
2018-12-26 00:00:00,168.5
2018-12-27 00:00:00,168.35
2018-12-28 00:00:00,168.39
2018-12-31 00:00:00,168.52
2019-01-02 00:00:00,168.61
2019-01-03 00:00:00,168.98
2019-01-04 00:00:00,169.01
2019-01-07 00:00:00,169.2
2019-01-08 00:00:00,169.24
2019-01-09 00:00:00,169.26
2019-01-10 00:00:00,169.34
2019-01-11 00:00:00,169.41
2019-01-14 00:00:00,169.5
2019-01-15 00:00:00,169.46
2019-01-16 00:00:00,169.69
2019-01-17 00:00:00,169.68
2019-01-18 00:00:00,169.64
2019-01-21 00:00:00,169.77
2019-01-22 00:00:00,169.95
2019-01-23 00:00:00,170.07
2019-01-24 00:00:00,170.27
2019-01-25 00:00:00,170.29
2019-01-28 00:00:00,170.2
2019-01-29 00:00:00,170.25
2019-01-30 00:00:00,170.29
2019-01-31 00:00:00,171.05
2019-02-01 00:00:00,171.16
2019-02-04 00:00:00,171.09
2019-02-05 00:00:00,171.24
2019-02-06 00:00:00,171.34
2019-02-07 00:00:00,171.5
2019-02-08 00:00:00,171.49
2019-02-11 00:00:00,171.54
2019-02-12 00:00:00,171.47
2019-02-13 00:00:00,171.65
2019-02-14 00:00:00,171.73
2019-02-15 00:00:00,171.75
2019-02-18 00:00:00,171.79
2019-02-19 00:00:00,171.87
2019-02-20 00:00:00,171.94
2019-02-21 00:00:00,171.83
2019-02-22 00:00:00,172.05
2019-02-25 00:00:00,172.06
2019-02-26 00:00:00,172.25
2019-02-27 00:00:00,172.36
2019-02-28 00:00:00,172.25
2019-03-01 00:00:00,172.17
2019-03-04 00:00:00,172.33
2019-03-05 00:00:00,172.27
2019-03-06 00:00:00,172.4
2019-03-07 00:00:00,172.47
2019-03-08 00:00:00,172.56
2019-03-11 00:00:00,172.52
2019-03-12 00:00:00,172.85
2019-03-13 00:00:00,172.9
2019-03-14 00:00:00,172.9
2019-03-15 00:00:00,172.96
2019-03-18 00:00:00,173.21
2019-03-19 00:00:00,173.42
2019-03-20 00:00:00,173.6
2019-03-21 00:00:00,174.09
2019-03-22 00:00:00,174.35
2019-03-25 00:00:00,174.73
2019-03-26 00:00:00,174.72
2019-03-27 00:00:00,174.79
2019-03-28 00:00:00,174.84
2019-03-29 00:00:00,174.83
2019-04-01 00:00:00,174.52
2019-04-02 00:00:00,174.64
2019-04-03 00:00:00,174.6
2019-04-04 00:00:00,174.67
2019-04-05 00:00:00,174.74
2019-04-08 00:00:00,174.88
2019-04-09 00:00:00,175.19
2019-04-10 00:00:00,175.26
2019-04-11 00:00:00,175.16
2019-04-12 00:00:00,174.92
2019-04-15 00:00:00,175.02
2019-04-16 00:00:00,174.91
2019-04-17 00:00:00,175.05
2019-04-18 00:00:00,175.2
2019-04-19 00:00:00,175.23
2019-04-22 00:00:00,175.21
2019-04-23 00:00:00,175.28
2019-04-24 00:00:00,175.52
2019-04-25 00:00:00,175.46
2019-04-26 00:00:00,175.62
2019-04-29 00:00:00,175.71
2019-04-30 00:00:00,175.91
2019-05-01 00:00:00,176.1
2019-05-02 00:00:00,175.8
2019-05-03 00:00:00,175.92
2019-05-06 00:00:00,176.12
2019-05-07 00:00:00,176.24
2019-05-08 00:00:00,176.08
2019-05-09 00:00:00,176.07
2019-05-10 00:00:00,176.23
2019-05-13 00:00:00,176.44
2019-05-14 00:00:00,176.18
2019-05-15 00:00:00,176.34
2019-05-16 00:00:00,176.39
2019-05-17 00:00:00,176.37
2019-05-20 00:00:00,176.36
2019-05-21 00:00:00,176.39
2019-05-22 00:00:00,176.56
2019-05-23 00:00:00,176.84
2019-05-24 00:00:00,176.73
2019-05-27 00:00:00,176.85
2019-05-28 00:00:00,177.1
2019-05-29 00:00:00,177.23
2019-05-30 00:00:00,177.24
2019-05-31 00:00:00,177.63
2019-06-03 00:00:00,177.96
2019-06-04 00:00:00,177.76
2019-06-05 00:00:00,178.09
2019-06-06 00:00:00,178.35
2019-06-07 00:00:00,178.53
2019-06-10 00:00:00,178.68
2019-06-11 00:00:00,178.8
2019-06-12 00:00:00,178.9
2019-06-13 00:00:00,178.98
2019-06-14 00:00:00,179.12
2019-06-17 00:00:00,179.1
2019-06-18 00:00:00,179.27
2019-06-19 00:00:00,179.52
2019-06-20 00:00:00,180.12
2019-06-21 00:00:00,180.08
2019-06-24 00:00:00,180.23
2019-06-25 00:00:00,180.1
2019-06-26 00:00:00,180.13
2019-06-27 00:00:00,180.23
2019-06-28 00:00:00,180.37
2019-07-01 00:00:00,180.36
2019-07-02 00:00:00,180.81
2019-07-03 00:00:00,180.98
2019-07-04 00:00:00,181.2
2019-07-05 00:00:00,181.09
2019-07-08 00:00:00,181
2019-07-09 00:00:00,180.89
2019-07-10 00:00:00,180.88
2019-07-11 00:00:00,180.96
2019-07-12 00:00:00,180.97
2019-07-15 00:00:00,181.11
2019-07-16 00:00:00,181.39
2019-07-17 00:00:00,181.6
2019-07-18 00:00:00,181.61
2019-07-19 00:00:00,181.73
2019-07-22 00:00:00,181.8
2019-07-23 00:00:00,181.84
2019-07-24 00:00:00,181.96
2019-07-25 00:00:00,181.94
2019-07-26 00:00:00,182.07
2019-07-29 00:00:00,182.19
2019-07-30 00:00:00,182.15
2019-07-31 00:00:00,182.3
2019-08-01 00:00:00,182.2
2019-08-02 00:00:00,182.61
2019-08-05 00:00:00,183.05
2019-08-06 00:00:00,182.93
2019-08-07 00:00:00,183.32
2019-08-08 00:00:00,183.18
2019-08-09 00:00:00,183.45
2019-08-12 00:00:00,183.84
2019-08-13 00:00:00,183.8
2019-08-14 00:00:00,184.35
2019-08-15 00:00:00,184.95
2019-08-16 00:00:00,184.96
2019-08-19 00:00:00,184.92
2019-08-20 00:00:00,184.98
2019-08-21 00:00:00,185.24
2019-08-22 00:00:00,185.23
2019-08-23 00:00:00,185.61
2019-08-26 00:00:00,185.52
2019-08-27 00:00:00,185.97
2019-08-28 00:00:00,186.23
2019-08-29 00:00:00,186.28
2019-08-30 00:00:00,186.31
2019-09-02 00:00:00,186.6
2019-09-03 00:00:00,186.69
2019-09-04 00:00:00,186.99
2019-09-05 00:00:00,186.69
2019-09-06 00:00:00,186.62
2019-09-09 00:00:00,186.61
2019-09-10 00:00:00,186.21
2019-09-11 00:00:00,185.93
2019-09-12 00:00:00,185.83
2019-09-13 00:00:00,185.43
2019-09-16 00:00:00,185.49
2019-09-17 00:00:00,185.4
2019-09-18 00:00:00,185.55
2019-09-19 00:00:00,185.42
2019-09-20 00:00:00,185.54
2019-09-23 00:00:00,185.7
2019-09-24 00:00:00,185.82
2019-09-25 00:00:00,185.38
2019-09-26 00:00:00,185.38
2019-09-27 00:00:00,185.48
2019-09-30 00:00:00,185.39
2019-10-01 00:00:00,185.31
2019-10-02 00:00:00,185.65
2019-10-03 00:00:00,185.65
2019-10-04 00:00:00,185.78
2019-10-07 00:00:00,185.88
2019-10-08 00:00:00,185.73
2019-10-09 00:00:00,185.54
2019-10-10 00:00:00,185.36
2019-10-11 00:00:00,185.37
2019-10-14 00:00:00,185.33
2019-10-15 00:00:00,185.25
2019-10-16 00:00:00,185.42
2019-10-17 00:00:00,185.44
2019-10-18 00:00:00,185.47
2019-10-21 00:00:00,185.16
2019-10-22 00:00:00,185.15
2019-10-23 00:00:00,185.34
2019-10-24 00:00:00,185.4
2019-10-25 00:00:00,185.22
2019-10-28 00:00:00,185.26
2019-10-29 00:00:00,185.21
2019-10-30 00:00:00,185.14
2019-10-31 00:00:00,185.62
2019-11-01 00:00:00,185.42
2019-11-04 00:00:00,185.48
2019-11-05 00:00:00,185.15
2019-11-06 00:00:00,185.32
2019-11-07 00:00:00,184.76
2019-11-08 00:00:00,185.02
2019-11-11 00:00:00,185.02
2019-11-12 00:00:00,185.13
2019-11-13 00:00:00,185
2019-11-14 00:00:00,185.46
2019-11-15 00:00:00,185.37
2019-11-18 00:00:00,185.37
2019-11-19 00:00:00,185.57
2019-11-20 00:00:00,185.76
2019-11-21 00:00:00,185.61
2019-11-22 00:00:00,185.76
2019-11-25 00:00:00,185.82
2019-11-26 00:00:00,185.93
2019-11-27 00:00:00,186
2019-11-28 00:00:00,185.91
2019-11-29 00:00:00,186.06
2019-12-02 00:00:00,185.83
2019-12-03 00:00:00,186.09
2019-12-04 00:00:00,186.1
2019-12-05 00:00:00,186.18
2019-12-06 00:00:00,186.04
2019-12-09 00:00:00,186.18
2019-12-10 00:00:00,186.2
2019-12-11 00:00:00,186.5
2019-12-12 00:00:00,186.27
2019-12-13 00:00:00,186.6
2019-12-16 00:00:00,186.4
2019-12-17 00:00:00,186.58
2019-12-18 00:00:00,186.55
2019-12-19 00:00:00,186.84
2019-12-20 00:00:00,186.7
2019-12-23 00:00:00,186.61
2019-12-24 00:00:00,186.82
2019-12-26 00:00:00,186.82
2019-12-27 00:00:00,186.95
2019-12-30 00:00:00,186.67
2019-12-31 00:00:00,186.68
2020-01-02 00:00:00,186.8
2020-01-03 00:00:00,187.02
2020-01-06 00:00:00,186.92
2020-01-07 00:00:00,187.01
2020-01-08 00:00:00,186.85
2020-01-09 00:00:00,187.12
2020-01-10 00:00:00,187.29
2020-01-13 00:00:00,187.32
2020-01-14 00:00:00,187.35
2020-01-15 00:00:00,187.57
2020-01-16 00:00:00,187.66
2020-01-17 00:00:00,187.76
2020-01-20 00:00:00,187.87
2020-01-21 00:00:00,187.9
2020-01-22 00:00:00,188.05
2020-01-23 00:00:00,188.28
2020-01-24 00:00:00,188.41
2020-01-27 00:00:00,188.49
2020-01-28 00:00:00,188.57
2020-01-29 00:00:00,188.83
2020-01-30 00:00:00,189.25
2020-01-31 00:00:00,189.28
2020-02-03 00:00:00,189.47
2020-02-04 00:00:00,189.18
2020-02-05 00:00:00,189.1
2020-02-06 00:00:00,189.24
2020-02-07 00:00:00,189.51
2020-02-10 00:00:00,189.71
2020-02-11 00:00:00,189.62
2020-02-12 00:00:00,189.6
2020-02-13 00:00:00,189.76
2020-02-14 00:00:00,189.91
2020-02-17 00:00:00,189.94
2020-02-18 00:00:00,189.98
2020-02-19 00:00:00,190
2020-02-20 00:00:00,190.24
2020-02-21 00:00:00,190.44
2020-02-24 00:00:00,191.05
2020-02-25 00:00:00,191.14
2020-02-26 00:00:00,190.91
2020-02-27 00:00:00,190.44
2020-02-28 00:00:00,190.72
2020-03-02 00:00:00,190.94
2020-03-03 00:00:00,191.48
2020-03-04 00:00:00,191.9
2020-03-05 00:00:00,192.39
2020-03-06 00:00:00,192.93
2020-03-09 00:00:00,191.8
2020-03-10 00:00:00,190.79
2020-03-11 00:00:00,190.09
2020-03-12 00:00:00,188.09
2020-03-13 00:00:00,187.2
2020-03-16 00:00:00,185.99
2020-03-17 00:00:00,185.59
2020-03-18 00:00:00,183.12
2020-03-19 00:00:00,181.2
2020-03-20 00:00:00,180.21
2020-03-23 00:00:00,179.7
2020-03-24 00:00:00,178.96
2020-03-25 00:00:00,180.27
2020-03-26 00:00:00,180.25
2020-03-27 00:00:00,181.35
2020-03-30 00:00:00,180.69
2020-03-31 00:00:00,180.61
2020-04-01 00:00:00,180.71
2020-04-02 00:00:00,180.44
2020-04-03 00:00:00,181.16
2020-04-06 00:00:00,181.08
2020-04-07 00:00:00,181.01
2020-04-08 00:00:00,180.94
2020-04-09 00:00:00,180.93
2020-04-10 00:00:00,181.05
2020-04-13 00:00:00,181.25
2020-04-14 00:00:00,182.24
2020-04-15 00:00:00,182.45
2020-04-16 00:00:00,182.66
2020-04-17 00:00:00,183.13
2020-04-20 00:00:00,183.32
2020-04-21 00:00:00,183.3
2020-04-22 00:00:00,183.01
2020-04-23 00:00:00,183.59
2020-04-24 00:00:00,183.89
2020-04-27 00:00:00,184.18
2020-04-28 00:00:00,184.44
2020-04-29 00:00:00,184.91
2020-04-30 00:00:00,185.71
2020-05-01 00:00:00,186.11
2020-05-04 00:00:00,186.11
2020-05-05 00:00:00,186.64
2020-05-06 00:00:00,186.8
2020-05-07 00:00:00,187.25
2020-05-08 00:00:00,187.27
2020-05-11 00:00:00,187.52
2020-05-12 00:00:00,187.88
2020-05-13 00:00:00,187.97
2020-05-14 00:00:00,188.01
2020-05-15 00:00:00,188.09
2020-05-18 00:00:00,188.37
2020-05-19 00:00:00,188.69
2020-05-20 00:00:00,189.16
2020-05-21 00:00:00,189.97
2020-05-22 00:00:00,189.98
2020-05-25 00:00:00,189.98
2020-05-26 00:00:00,190.04
2020-05-27 00:00:00,190.44
2020-05-28 00:00:00,190.35
2020-05-29 00:00:00,190.5
2020-06-01 00:00:00,190.44
2020-06-02 00:00:00,190.55
2020-06-03 00:00:00,190.53
2020-06-04 00:00:00,190.89
2020-06-05 00:00:00,190.61
2020-06-08 00:00:00,191.03
2020-06-09 00:00:00,191.3
2020-06-10 00:00:00,191.63
2020-06-11 00:00:00,191.69
2020-06-12 00:00:00,191.61
2020-06-15 00:00:00,191.3
2020-06-16 00:00:00,191.71
2020-06-17 00:00:00,191.76
2020-06-18 00:00:00,191.88
2020-06-19 00:00:00,192.15
2020-06-22 00:00:00,192.31
2020-06-23 00:00:00,192.33
2020-06-24 00:00:00,192.52
2020-06-25 00:00:00,192.51
2020-06-26 00:00:00,192.69
2020-06-29 00:00:00,192.79
2020-06-30 00:00:00,192.72
2020-07-01 00:00:00,192.77
2020-07-02 00:00:00,193.24
2020-07-03 00:00:00,193.39
2020-07-06 00:00:00,193.64
2020-07-07 00:00:00,193.88
2020-07-08 00:00:00,193.8
2020-07-09 00:00:00,193.98
2020-07-10 00:00:00,193.91
2020-07-13 00:00:00,193.9
2020-07-14 00:00:00,194
2020-07-15 00:00:00,194.11
2020-07-16 00:00:00,194.26
2020-07-17 00:00:00,194.33
2020-07-20 00:00:00,194.6
2020-07-21 00:00:00,194.96
2020-07-22 00:00:00,195.33
2020-07-23 00:00:00,195.66
2020-07-24 00:00:00,195.68
2020-07-27 00:00:00,195.81
2020-07-28 00:00:00,195.9
2020-07-29 00:00:00,196.14
2020-07-30 00:00:00,196.35
2020-07-31 00:00:00,196.71
2020-08-03 00:00:00,196.79
2020-08-04 00:00:00,197
2020-08-05 00:00:00,197.28
2020-08-06 00:00:00,197.68
2020-08-07 00:00:00,197.77
2020-08-10 00:00:00,197.86
2020-08-11 00:00:00,197.76
2020-08-12 00:00:00,197.54
2020-08-13 00:00:00,197.6
2020-08-14 00:00:00,197.55
2020-08-17 00:00:00,197.56
2020-08-18 00:00:00,197.5
2020-08-19 00:00:00,197.62
2020-08-20 00:00:00,197.7
2020-08-21 00:00:00,197.69
2020-08-24 00:00:00,197.81
2020-08-25 00:00:00,197.78
2020-08-26 00:00:00,197.72
2020-08-27 00:00:00,197.55
2020-08-28 00:00:00,197.56
2020-08-31 00:00:00,197.71
2020-09-01 00:00:00,197.88
2020-09-02 00:00:00,198.26
2020-09-03 00:00:00,198.45
2020-09-04 00:00:00,198.37
2020-09-07 00:00:00,198.22
2020-09-08 00:00:00,198.44
2020-09-09 00:00:00,198.36
2020-09-10 00:00:00,198.27
2020-09-11 00:00:00,198.37
2020-09-14 00:00:00,198.29
2020-09-15 00:00:00,198.34
2020-09-16 00:00:00,198.32
2020-09-17 00:00:00,198.33
2020-09-18 00:00:00,198.2
2020-09-21 00:00:00,198.11
2020-09-22 00:00:00,197.89
2020-09-23 00:00:00,197.76
2020-09-24 00:00:00,197.59
2020-09-25 00:00:00,197.44
2020-09-28 00:00:00,197.56
2020-09-29 00:00:00,197.75
2020-09-30 00:00:00,197.62
2020-10-01 00:00:00,197.92
2020-10-02 00:00:00,197.85
2020-10-05 00:00:00,197.91
2020-10-06 00:00:00,198.03
2020-10-07 00:00:00,198.3
2020-10-08 00:00:00,198.53
2020-10-09 00:00:00,198.68
2020-10-12 00:00:00,198.93
2020-10-13 00:00:00,199.11
2020-10-14 00:00:00,199.22
2020-10-15 00:00:00,199.21
2020-10-16 00:00:00,199.21
2020-10-19 00:00:00,199.2
2020-10-20 00:00:00,199.2
2020-10-21 00:00:00,198.93
2020-10-22 00:00:00,198.67
2020-10-23 00:00:00,198.64
2020-10-26 00:00:00,198.76
2020-10-27 00:00:00,198.78
2020-10-28 00:00:00,198.71
2020-10-29 00:00:00,198.47
2020-10-30 00:00:00,198.28
2020-11-02 00:00:00,198.31
2020-11-03 00:00:00,198.15
2020-11-04 00:00:00,198.64
2020-11-05 00:00:00,198.99
2020-11-06 00:00:00,199.14
2020-11-09 00:00:00,199.28
2020-11-10 00:00:00,199.3
2020-11-11 00:00:00,199.32
2020-11-12 00:00:00,199.55
2020-11-13 00:00:00,199.61
2020-11-16 00:00:00,199.51
2020-11-17 00:00:00,199.72
2020-11-18 00:00:00,199.74
2020-11-19 00:00:00,199.93
2020-11-20 00:00:00,200.01
2020-11-23 00:00:00,200.04
2020-11-24 00:00:00,199.97
2020-11-25 00:00:00,200.06
2020-11-26 00:00:00,200.15
2020-11-27 00:00:00,200.13
2020-11-30 00:00:00,200.26
2020-12-01 00:00:00,200.08
2020-12-02 00:00:00,200.2
2020-12-03 00:00:00,200.47
2020-12-04 00:00:00,200.34
2020-12-07 00:00:00,200.56
2020-12-08 00:00:00,200.71
2020-12-09 00:00:00,200.64
2020-12-10 00:00:00,200.66
2020-12-11 00:00:00,200.78
2020-12-14 00:00:00,200.97
2020-12-15 00:00:00,200.86
2020-12-16 00:00:00,201
2020-12-17 00:00:00,201.06
2020-12-18 00:00:00,201.06
2020-12-21 00:00:00,201.09
2020-12-22 00:00:00,201.24
2020-12-23 00:00:00,201.1
2020-12-24 00:00:00,201.31
2020-12-28 00:00:00,201.24
2020-12-29 00:00:00,201.41
2020-12-30 00:00:00,201.38
2020-12-31 00:00:00,201.45
2021-01-04 00:00:00,201.54
2021-01-05 00:00:00,201.59
2021-01-06 00:00:00,201.25
2021-01-07 00:00:00,201.12
2021-01-08 00:00:00,200.94
2021-01-11 00:00:00,201.06
2021-01-12 00:00:00,200.81
2021-01-13 00:00:00,200.91
2021-01-14 00:00:00,201.13
2021-01-15 00:00:00,201.08
2021-01-18 00:00:00,201.13
2021-01-19 00:00:00,201.23
2021-01-20 00:00:00,201.28
2021-01-21 00:00:00,201.35
2021-01-22 00:00:00,201.28
2021-01-25 00:00:00,201.55
2021-01-26 00:00:00,201.51
2021-01-27 00:00:00,201.62
2021-01-28 00:00:00,201.55
2021-01-29 00:00:00,201.61
2021-02-01 00:00:00,201.72
2021-02-02 00:00:00,201.72
2021-02-03 00:00:00,201.85
2021-02-04 00:00:00,201.9
2021-02-05 00:00:00,202.01
2021-02-08 00:00:00,202.13
2021-02-09 00:00:00,202.18
2021-02-10 00:00:00,202.19
2021-02-11 00:00:00,202.17
2021-02-12 00:00:00,202.16
2021-02-15 00:00:00,202.08
2021-02-16 00:00:00,201.74
2021-02-17 00:00:00,201.68
2021-02-18 00:00:00,201.71
2021-02-19 00:00:00,201.59
2021-02-22 00:00:00,201.29
2021-02-23 00:00:00,201.18
2021-02-24 00:00:00,201.05
2021-02-25 00:00:00,200.55
2021-02-26 00:00:00,200.27
2021-03-01 00:00:00,200.46
2021-03-02 00:00:00,200.67
2021-03-03 00:00:00,200.44
2021-03-04 00:00:00,200.31
2021-03-05 00:00:00,199.91
2021-03-08 00:00:00,199.36
2021-03-09 00:00:00,199.11
2021-03-10 00:00:00,199.25
2021-03-11 00:00:00,199.39
2021-03-12 00:00:00,199
2021-03-15 00:00:00,199.2
2021-03-16 00:00:00,199.21
2021-03-17 00:00:00,199.2
2021-03-18 00:00:00,199.2
2021-03-19 00:00:00,199.31
2021-03-22 00:00:00,199.37
2021-03-23 00:00:00,199.5
2021-03-24 00:00:00,199.54
2021-03-25 00:00:00,199.54
2021-03-26 00:00:00,199.59
2021-03-29 00:00:00,199.43
2021-03-30 00:00:00,199.36
2021-03-31 00:00:00,199.35
2021-04-01 00:00:00,199.51
2021-04-02 00:00:00,199.22
2021-04-05 00:00:00,199.47
2021-04-06 00:00:00,199.7
2021-04-07 00:00:00,199.84
2021-04-08 00:00:00,199.96
2021-04-09 00:00:00,199.98
2021-04-12 00:00:00,200.01
2021-04-13 00:00:00,200.08
2021-04-14 00:00:00,200.11
2021-04-15 00:00:00,200.54
2021-04-16 00:00:00,200.53
2021-04-19 00:00:00,200.75
2021-04-20 00:00:00,200.94
2021-04-21 00:00:00,200.77
2021-04-22 00:00:00,201
2021-04-23 00:00:00,200.87
2021-04-26 00:00:00,201.07
2021-04-27 00:00:00,200.91
2021-04-28 00:00:00,200.81
2021-04-29 00:00:00,200.76
2021-04-30 00:00:00,200.91
2021-05-03 00:00:00,201.09
2021-05-04 00:00:00,201.04
2021-05-05 00:00:00,201.13
2021-05-06 00:00:00,201.26
2021-05-07 00:00:00,201.38
2021-05-10 00:00:00,201.43
2021-05-11 00:00:00,201.22
2021-05-12 00:00:00,200.98
2021-05-13 00:00:00,201.11
2021-05-14 00:00:00,201.08
2021-05-17 00:00:00,201.23
2021-05-18 00:00:00,201.29
2021-05-19 00:00:00,201.42
2021-05-20 00:00:00,201.42
2021-05-21 00:00:00,201.41
2021-05-24 00:00:00,201.61
2021-05-25 00:00:00,201.77
2021-05-26 00:00:00,201.84
2021-05-27 00:00:00,201.78
2021-05-28 00:00:00,201.93
2021-05-31 00:00:00,201.94
2021-06-01 00:00:00,201.9
2021-06-02 00:00:00,201.93
2021-06-03 00:00:00,201.91
2021-06-04 00:00:00,202.11
2021-06-07 00:00:00,202.12
2021-06-08 00:00:00,202.23
2021-06-09 00:00:00,202.4
2021-06-10 00:00:00,202.62
2021-06-11 00:00:00,202.67
2021-06-14 00:00:00,202.68
2021-06-15 00:00:00,202.64
2021-06-16 00:00:00,202.64
2021-06-17 00:00:00,202.37
2021-06-18 00:00:00,202.5
2021-06-21 00:00:00,202.74
2021-06-22 00:00:00,202.7
2021-06-23 00:00:00,202.62
2021-06-24 00:00:00,202.71
2021-06-25 00:00:00,202.52
2021-06-28 00:00:00,202.72
2021-06-29 00:00:00,202.74
2021-06-30 00:00:00,202.83
2021-07-01 00:00:00,202.66
2021-07-02 00:00:00,202.75
2021-07-05 00:00:00,202.87
2021-07-06 00:00:00,203.14
2021-07-07 00:00:00,203
2021-07-08 00:00:00,203.12
2021-07-09 00:00:00,202.92
2021-07-12 00:00:00,202.9
2021-07-13 00:00:00,203
2021-07-14 00:00:00,203.05
2021-07-15 00:00:00,203.08
2021-07-16 00:00:00,203.21
2021-07-19 00:00:00,203.57
2021-07-20 00:00:00,203.4
2021-07-21 00:00:00,203.16
2021-07-22 00:00:00,203.45
2021-07-23 00:00:00,203.43
2021-07-26 00:00:00,203.4
2021-07-27 00:00:00,203.49
2021-07-28 00:00:00,203.35
2021-07-29 00:00:00,203.38
2021-07-30 00:00:00,203.44
2021-08-02 00:00:00,203.65
2021-08-03 00:00:00,203.67
2021-08-04 00:00:00,203.48
2021-08-05 00:00:00,203.55
2021-08-06 00:00:00,203.48
2021-08-09 00:00:00,203.38
2021-08-10 00:00:00,203.34
2021-08-11 00:00:00,203.37
2021-08-12 00:00:00,203.34
2021-08-13 00:00:00,203.52
2021-08-16 00:00:00,203.74
2021-08-17 00:00:00,203.61
2021-08-18 00:00:00,203.6
2021-08-19 00:00:00,203.75
2021-08-20 00:00:00,203.78
2021-08-23 00:00:00,203.89
2021-08-24 00:00:00,203.77
2021-08-25 00:00:00,203.68
2021-08-26 00:00:00,203.65
2021-08-27 00:00:00,203.79
2021-08-30 00:00:00,203.88
2021-08-31 00:00:00,203.89
2021-09-01 00:00:00,203.86
2021-09-02 00:00:00,204
2021-09-03 00:00:00,203.99
2021-09-06 00:00:00,204.14
2021-09-07 00:00:00,204
2021-09-08 00:00:00,204.03
2021-09-09 00:00:00,204.2
2021-09-10 00:00:00,204.2
2021-09-13 00:00:00,204.32
2021-09-14 00:00:00,204.53
2021-09-15 00:00:00,204.32
2021-09-16 00:00:00,204.42
2021-09-17 00:00:00,204.35
2021-09-20 00:00:00,204.28
2021-09-21 00:00:00,204.39
2021-09-22 00:00:00,204.29
2021-09-23 00:00:00,203.97
2021-09-24 00:00:00,203.88
2021-09-27 00:00:00,203.74
2021-09-28 00:00:00,203.51
2021-09-29 00:00:00,203.3
2021-09-30 00:00:00,203.34
2021-10-01 00:00:00,203.37
2021-10-04 00:00:00,203.42
2021-10-05 00:00:00,203.21
2021-10-06 00:00:00,203.05
2021-10-07 00:00:00,202.97
2021-10-08 00:00:00,202.68
2021-10-11 00:00:00,202.66
2021-10-12 00:00:00,202.45
2021-10-13 00:00:00,202.69
2021-10-14 00:00:00,202.88
2021-10-15 00:00:00,202.82
2021-10-18 00:00:00,202.84
2021-10-19 00:00:00,202.81
2021-10-20 00:00:00,202.62
2021-10-21 00:00:00,202.53
2021-10-22 00:00:00,202.67
2021-10-25 00:00:00,202.78
2021-10-26 00:00:00,202.68
2021-10-27 00:00:00,202.77
2021-10-28 00:00:00,202.93
2021-10-29 00:00:00,202.91
2021-11-01 00:00:00,202.96
2021-11-02 00:00:00,202.99
2021-11-03 00:00:00,202.81
2021-11-04 00:00:00,203.19
2021-11-05 00:00:00,203.42
2021-11-08 00:00:00,203.49
2021-11-09 00:00:00,203.57
2021-11-10 00:00:00,203.21
2021-11-11 00:00:00,203.13
2021-11-12 00:00:00,203.13
2021-11-15 00:00:00,202.86
2021-11-16 00:00:00,202.99
2021-11-17 00:00:00,202.99
2021-11-18 00:00:00,203.16
2021-11-19 00:00:00,203.13
2021-11-22 00:00:00,202.98
2021-11-23 00:00:00,202.82
2021-11-24 00:00:00,202.51
2021-11-25 00:00:00,202.77
2021-11-26 00:00:00,203.24
2021-11-29 00:00:00,203
2021-11-30 00:00:00,202.73
2021-12-01 00:00:00,202.78
2021-12-02 00:00:00,202.93
2021-12-03 00:00:00,203.21
2021-12-06 00:00:00,203.11
2021-12-07 00:00:00,203.04
2021-12-08 00:00:00,202.9
2021-12-09 00:00:00,203.01
2021-12-10 00:00:00,203.3
2021-12-13 00:00:00,203.32
2021-12-14 00:00:00,203.34
2021-12-15 00:00:00,203.36
2021-12-16 00:00:00,203.44
2021-12-17 00:00:00,203.36
2021-12-20 00:00:00,203.52
2021-12-21 00:00:00,203.23
2021-12-22 00:00:00,203.32
2021-12-23 00:00:00,203.33
2021-12-24 00:00:00,203.34
2021-12-27 00:00:00,203.19
2021-12-28 00:00:00,203.24
2021-12-29 00:00:00,203.18
2021-12-30 00:00:00,203.3
2021-12-31 00:00:00,203.61
2022-01-03 00:00:00,203.06
2022-01-04 00:00:00,202.85
2022-01-05 00:00:00,202.59
2022-01-06 00:00:00,201.96
2022-01-07 00:00:00,201.74
2022-01-10 00:00:00,201.53
2022-01-11 00:00:00,201.53
2022-01-12 00:00:00,201.58
2022-01-13 00:00:00,201.59
2022-01-14 00:00:00,201.22
2022-01-17 00:00:00,201.05
2022-01-18 00:00:00,200.53
2022-01-19 00:00:00,200.37
2022-01-20 00:00:00,200.4
2022-01-21 00:00:00,200.78
2022-01-24 00:00:00,200.81
2022-01-25 00:00:00,200.62
2022-01-26 00:00:00,200.53
2022-01-27 00:00:00,200.13
2022-01-28 00:00:00,200.37
2022-01-31 00:00:00,200.31
2022-02-01 00:00:00,200.03
2022-02-02 00:00:00,200.43
2022-02-03 00:00:00,200.17
2022-02-04 00:00:00,199.55
2022-02-07 00:00:00,199.49
2022-02-08 00:00:00,199.27
2022-02-09 00:00:00,199.33
2022-02-10 00:00:00,198.71
2022-02-11 00:00:00,198.59
2022-02-14 00:00:00,198.48
2022-02-15 00:00:00,198.35
2022-02-16 00:00:00,198.3
2022-02-17 00:00:00,198.57
2022-02-18 00:00:00,198.54
2022-02-21 00:00:00,198.64
2022-02-22 00:00:00,198.67
2022-02-23 00:00:00,198.56
2022-02-24 00:00:00,198.16
2022-02-25 00:00:00,198.13
2022-02-28 00:00:00,198.19
2022-03-01 00:00:00,198.79
2022-03-02 00:00:00,198.47
2022-03-03 00:00:00,198.57
2022-03-04 00:00:00,198.67
2022-03-07 00:00:00,198.57
2022-03-08 00:00:00,198.12
2022-03-09 00:00:00,197.84
2022-03-10 00:00:00,197.68
2022-03-11 00:00:00,197.38
2022-03-14 00:00:00,196.92
2022-03-15 00:00:00,196.62
2022-03-16 00:00:00,196.44
2022-03-17 00:00:00,196.66
2022-03-18 00:00:00,196.53
2022-03-21 00:00:00,196.43
2022-03-22 00:00:00,195.42
2022-03-23 00:00:00,195.28
2022-03-24 00:00:00,195.44
2022-03-25 00:00:00,195.02
2022-03-28 00:00:00,194.47
2022-03-29 00:00:00,194.3
2022-03-30 00:00:00,194.95
2022-03-31 00:00:00,195.3
2022-04-01 00:00:00,194.81
2022-04-04 00:00:00,194.86
2022-04-05 00:00:00,194.58
2022-04-06 00:00:00,194.21
2022-04-07 00:00:00,194.2
2022-04-08 00:00:00,193.51
2022-04-11 00:00:00,192.94
2022-04-12 00:00:00,192.53
2022-04-13 00:00:00,192.8
2022-04-14 00:00:00,192.43
2022-04-15 00:00:00,192.42
2022-04-18 00:00:00,191.87
2022-04-19 00:00:00,192.04
2022-04-20 00:00:00,191.64
2022-04-21 00:00:00,191.66
2022-04-22 00:00:00,191.17
2022-04-25 00:00:00,191.48
2022-04-26 00:00:00,191.45
2022-04-27 00:00:00,191.36
2022-04-28 00:00:00,191.08
2022-04-29 00:00:00,190.73
2022-05-02 00:00:00,190.27
2022-05-03 00:00:00,190.14
2022-05-04 00:00:00,189.89
2022-05-05 00:00:00,189.69
2022-05-06 00:00:00,189.17
2022-05-09 00:00:00,189.12
2022-05-10 00:00:00,188.8
2022-05-11 00:00:00,188.92
2022-05-12 00:00:00,189.14
2022-05-13 00:00:00,189.2
2022-05-16 00:00:00,189.35
2022-05-17 00:00:00,189.08
2022-05-18 00:00:00,189.2
2022-05-19 00:00:00,189.43
2022-05-20 00:00:00,189.65
2022-05-23 00:00:00,189.56
2022-05-24 00:00:00,189.73
2022-05-25 00:00:00,190.18
2022-05-26 00:00:00,190.24
2022-05-27 00:00:00,190.57
2022-05-30 00:00:00,190.65
2022-05-31 00:00:00,190.67
2022-06-01 00:00:00,190.49
2022-06-02 00:00:00,190.24
2022-06-03 00:00:00,190.11
2022-06-06 00:00:00,190.1
2022-06-07 00:00:00,190.41
2022-06-08 00:00:00,190.33
2022-06-09 00:00:00,190.03
2022-06-10 00:00:00,189.46
2022-06-13 00:00:00,188.08
2022-06-14 00:00:00,187.47
2022-06-15 00:00:00,187.1
2022-06-16 00:00:00,187.58
2022-06-17 00:00:00,187.71
2022-06-20 00:00:00,187.74
2022-06-21 00:00:00,187.55
2022-06-22 00:00:00,187.82
2022-06-23 00:00:00,188.19
2022-06-24 00:00:00,188.17
2022-06-27 00:00:00,188.15
2022-06-28 00:00:00,188.08
2022-06-29 00:00:00,188.45
2022-06-30 00:00:00,188.36
2022-07-01 00:00:00,188.57
2022-07-04 00:00:00,188.6
2022-07-05 00:00:00,189.22
2022-07-06 00:00:00,189.23
2022-07-07 00:00:00,188.97
2022-07-08 00:00:00,188.94
2022-07-11 00:00:00,189.2
2022-07-12 00:00:00,189.17
2022-07-13 00:00:00,189.35
2022-07-14 00:00:00,189.11
2022-07-15 00:00:00,189.02
2022-07-18 00:00:00,188.87
2022-07-19 00:00:00,189.03
2022-07-20 00:00:00,188.89
2022-07-21 00:00:00,189.27
2022-07-22 00:00:00,189.75
2022-07-25 00:00:00,189.82
2022-07-26 00:00:00,189.97
2022-07-27 00:00:00,190.08
2022-07-28 00:00:00,190.34
2022-07-29 00:00:00,191.33
2022-08-01 00:00:00,191.4
2022-08-02 00:00:00,191.34
2022-08-03 00:00:00,191.26
2022-08-04 00:00:00,191.57
2022-08-05 00:00:00,191.42
2022-08-08 00:00:00,191.48
2022-08-09 00:00:00,191.65
2022-08-10 00:00:00,191.54
2022-08-11 00:00:00,191.88
2022-08-12 00:00:00,191.72
2022-08-15 00:00:00,191.98
2022-08-16 00:00:00,192.03
2022-08-17 00:00:00,191.77
2022-08-18 00:00:00,191.93
2022-08-19 00:00:00,191.49
2022-08-22 00:00:00,191.22
2022-08-23 00:00:00,191.43
2022-08-24 00:00:00,191.23
2022-08-25 00:00:00,191.32
2022-08-26 00:00:00,191.36
2022-08-29 00:00:00,191.07
2022-08-30 00:00:00,190.96
2022-08-31 00:00:00,190.83
2022-09-01 00:00:00,190.34
2022-09-02 00:00:00,190.12
2022-09-05 00:00:00,190.32
2022-09-06 00:00:00,189.88
2022-09-07 00:00:00,189.59
2022-09-08 00:00:00,189.78
2022-09-09 00:00:00,189.59
2022-09-12 00:00:00,189.77
2022-09-13 00:00:00,189.59
2022-09-14 00:00:00,189.22
2022-09-15 00:00:00,188.86
2022-09-16 00:00:00,188.69
2022-09-19 00:00:00,188.38
2022-09-20 00:00:00,188.16
2022-09-21 00:00:00,187.91
2022-09-22 00:00:00,187.25
2022-09-23 00:00:00,186.75
2022-09-26 00:00:00,185.94
2022-09-27 00:00:00,184.84
2022-09-28 00:00:00,184.58
2022-09-29 00:00:00,184.19
2022-09-30 00:00:00,184
2022-10-03 00:00:00,184.46
2022-10-04 00:00:00,184.55
2022-10-05 00:00:00,184.28
2022-10-06 00:00:00,184.17
2022-10-07 00:00:00,183.9
2022-10-10 00:00:00,183.9
2022-10-11 00:00:00,183.49
2022-10-12 00:00:00,182.98
2022-10-13 00:00:00,182.36
2022-10-14 00:00:00,182.12
2022-10-17 00:00:00,182.07
2022-10-18 00:00:00,181.88
2022-10-19 00:00:00,181.62
2022-10-20 00:00:00,181.16
2022-10-21 00:00:00,180.18
2022-10-24 00:00:00,180.57
2022-10-25 00:00:00,180.39
2022-10-26 00:00:00,180.9
2022-10-27 00:00:00,181.49
2022-10-28 00:00:00,181.64
2022-10-31 00:00:00,181.8
2022-11-01 00:00:00,181.49
2022-11-02 00:00:00,181.82
2022-11-03 00:00:00,181.28
2022-11-04 00:00:00,181
2022-11-07 00:00:00,181.4
2022-11-08 00:00:00,181.55
2022-11-09 00:00:00,181.92
2022-11-10 00:00:00,182.48
2022-11-11 00:00:00,183.45
2022-11-14 00:00:00,183.7
2022-11-15 00:00:00,184.15
2022-11-16 00:00:00,184.74
2022-11-17 00:00:00,184.73
2022-11-18 00:00:00,184.74
2022-11-21 00:00:00,184.74
2022-11-22 00:00:00,184.96
2022-11-23 00:00:00,185.21
2022-11-24 00:00:00,185.3
2022-11-25 00:00:00,186.04
2022-11-28 00:00:00,186.23
2022-11-29 00:00:00,186.49
2022-11-30 00:00:00,186.32
2022-12-01 00:00:00,187.63
2022-12-02 00:00:00,188
2022-12-05 00:00:00,187.99
2022-12-06 00:00:00,188.01
2022-12-07 00:00:00,188.18
2022-12-08 00:00:00,188.44
2022-12-09 00:00:00,188.3
2022-12-12 00:00:00,188.22
2022-12-13 00:00:00,188.53
2022-12-14 00:00:00,189.1
2022-12-15 00:00:00,189.12
2022-12-16 00:00:00,188.98
2022-12-19 00:00:00,188.76
2022-12-20 00:00:00,188.4
2022-12-21 00:00:00,188.18
2022-12-22 00:00:00,188.45
2022-12-23 00:00:00,188.33
2022-12-26 00:00:00,188.25
2022-12-27 00:00:00,188.03
2022-12-28 00:00:00,187.82
2022-12-29 00:00:00,187.9
2022-12-30 00:00:00,187.7
2023-01-02 00:00:00,188.01
2023-01-03 00:00:00,187.66
2023-01-04 00:00:00,188
2023-01-05 00:00:00,187.88
2023-01-06 00:00:00,188.64
2023-01-09 00:00:00,188.86
2023-01-10 00:00:00,188.54
2023-01-11 00:00:00,188.58
2023-01-12 00:00:00,188.87
2023-01-13 00:00:00,189
2023-01-16 00:00:00,188.78
2023-01-17 00:00:00,189.42
2023-01-18 00:00:00,189.97
2023-01-19 00:00:00,190.54
2023-01-20 00:00:00,190.26
2023-01-23 00:00:00,190.42
2023-01-24 00:00:00,190.51
2023-01-25 00:00:00,190.42
2023-01-26 00:00:00,190.58
2023-01-27 00:00:00,190.44
2023-01-30 00:00:00,190.55
2023-01-31 00:00:00,190.71
2023-02-01 00:00:00,190.91
2023-02-02 00:00:00,191.72
2023-02-03 00:00:00,191.26
2023-02-06 00:00:00,191.05
2023-02-07 00:00:00,190.78
2023-02-08 00:00:00,190.59
2023-02-09 00:00:00,190.5
2023-02-10 00:00:00,190.11
2023-02-13 00:00:00,189.84
2023-02-14 00:00:00,189.8
2023-02-15 00:00:00,189.62
2023-02-16 00:00:00,189.53
2023-02-17 00:00:00,189.29
2023-02-20 00:00:00,189.53
2023-02-21 00:00:00,188.86
2023-02-22 00:00:00,188.75
2023-02-23 00:00:00,188.81
2023-02-24 00:00:00,188.72
2023-02-27 00:00:00,188.86
2023-02-28 00:00:00,188.87
2023-03-01 00:00:00,188.5
2023-03-02 00:00:00,188.2
2023-03-03 00:00:00,188.12
2023-03-06 00:00:00,188.37
2023-03-07 00:00:00,188.41
2023-03-08 00:00:00,188.32
2023-03-09 00:00:00,188.32
2023-03-10 00:00:00,188.85
2023-03-13 00:00:00,190.02
2023-03-14 00:00:00,189.84
2023-03-15 00:00:00,190.45
2023-03-16 00:00:00,190.3
2023-03-17 00:00:00,190.85
2023-03-20 00:00:00,190.33
2023-03-21 00:00:00,190.58
2023-03-22 00:00:00,190.52
2023-03-23 00:00:00,191.39
2023-03-24 00:00:00,191.6
2023-03-27 00:00:00,191.82
2023-03-28 00:00:00,191.41
2023-03-29 00:00:00,191.45
2023-03-30 00:00:00,191.26
2023-03-31 00:00:00,191.31
2023-04-03 00:00:00,191.71
2023-04-04 00:00:00,192.4
2023-04-05 00:00:00,192.81
2023-04-06 00:00:00,192.79
2023-04-07 00:00:00,192.12
2023-04-10 00:00:00,192.07
2023-04-11 00:00:00,192.57
2023-04-12 00:00:00,192.88
2023-04-13 00:00:00,192.97
2023-04-14 00:00:00,192.61
2023-04-17 00:00:00,192.38
2023-04-18 00:00:00,192.57
2023-04-19 00:00:00,192.12
2023-04-20 00:00:00,192.39
2023-04-21 00:00:00,192.24
2023-04-24 00:00:00,192.64
2023-04-25 00:00:00,192.97
2023-04-26 00:00:00,193.23
2023-04-27 00:00:00,192.97
2023-04-28 00:00:00,193.22
2023-05-01 00:00:00,192.97
2023-05-02 00:00:00,193.54
2023-05-03 00:00:00,193.48
2023-05-04 00:00:00,193.86
2023-05-05 00:00:00,193.74
2023-05-08 00:00:00,193.62
2023-05-09 00:00:00,193.42
2023-05-10 00:00:00,193.66
2023-05-11 00:00:00,193.88
2023-05-12 00:00:00,193.86
2023-05-15 00:00:00,193.78
2023-05-16 00:00:00,193.43
2023-05-17 00:00:00,193.31
2023-05-18 00:00:00,192.9
2023-05-19 00:00:00,192.7
2023-05-22 00:00:00,192.57
2023-05-23 00:00:00,192.41
2023-05-24 00:00:00,192.42
2023-05-25 00:00:00,192
2023-05-26 00:00:00,191.46
2023-05-29 00:00:00,191.8
2023-05-30 00:00:00,192.16
2023-05-31 00:00:00,192.42
2023-06-01 00:00:00,192.56
2023-06-02 00:00:00,192.44
2023-06-05 00:00:00,192.36
2023-06-06 00:00:00,192.06
2023-06-07 00:00:00,191.88
2023-06-08 00:00:00,191.99
2023-06-09 00:00:00,191.92
2023-06-12 00:00:00,191.86
2023-06-13 00:00:00,191.87
2023-06-14 00:00:00,191.84
2023-06-15 00:00:00,191.66
2023-06-16 00:00:00,191.84
2023-06-19 00:00:00,191.88
2023-06-20 00:00:00,191.95
2023-06-21 00:00:00,191.82
2023-06-22 00:00:00,191.89
2023-06-23 00:00:00,192.02
2023-06-26 00:00:00,192.27
2023-06-27 00:00:00,192.05
2023-06-28 00:00:00,192.12
2023-06-29 00:00:00,191.67
2023-06-30 00:00:00,191.5
2023-07-03 00:00:00,191.66
2023-07-04 00:00:00,191.59
2023-07-05 00:00:00,191.53
2023-07-06 00:00:00,190.49
2023-07-07 00:00:00,190.47
2023-07-10 00:00:00,190.48
2023-07-11 00:00:00,190.67
2023-07-12 00:00:00,191.1
2023-07-13 00:00:00,191.67
2023-07-14 00:00:00,191.9
2023-07-17 00:00:00,191.86
2023-07-18 00:00:00,192.24
2023-07-19 00:00:00,192.21
2023-07-20 00:00:00,191.96
2023-07-21 00:00:00,192.02
2023-07-24 00:00:00,192.13
2023-07-25 00:00:00,191.89
2023-07-26 00:00:00,191.98
2023-07-27 00:00:00,191.88
2023-07-28 00:00:00,191.86
2023-07-31 00:00:00,191.95
2023-08-01 00:00:00,191.74
2023-08-02 00:00:00,191.43
2023-08-03 00:00:00,191.2
2023-08-04 00:00:00,191.47
2023-08-07 00:00:00,191.57
2023-08-08 00:00:00,191.88
2023-08-09 00:00:00,191.94
2023-08-10 00:00:00,191.9
2023-08-11 00:00:00,191.48
2023-08-14 00:00:00,191.25
2023-08-15 00:00:00,190.97
2023-08-16 00:00:00,191
2023-08-17 00:00:00,190.52
2023-08-18 00:00:00,190.59
2023-08-21 00:00:00,190.08
2023-08-22 00:00:00,190.14
2023-08-23 00:00:00,190.65
2023-08-24 00:00:00,190.81
2023-08-25 00:00:00,190.66
2023-08-28 00:00:00,190.81
2023-08-29 00:00:00,191.11
2023-08-30 00:00:00,191.43
2023-08-31 00:00:00,191.48
2023-09-01 00:00:00,191.38
2023-09-04 00:00:00,191.41
2023-09-05 00:00:00,191.23
2023-09-06 00:00:00,190.8
2023-09-07 00:00:00,190.75
2023-09-08 00:00:00,191
2023-09-11 00:00:00,190.75
2023-09-12 00:00:00,190.67
2023-09-13 00:00:00,190.62
2023-09-14 00:00:00,190.95
2023-09-15 00:00:00,190.73
2023-09-18 00:00:00,190.64
2023-09-19 00:00:00,190.66
2023-09-20 00:00:00,190.73
2023-09-21 00:00:00,190.07
2023-09-22 00:00:00,190
2023-09-25 00:00:00,189.94
2023-09-26 00:00:00,189.8
2023-09-27 00:00:00,189.73
2023-09-28 00:00:00,188.98
2023-09-29 00:00:00,189.48
2023-10-02 00:00:00,188.99
2023-10-03 00:00:00,188.45
2023-10-04 00:00:00,188.13
2023-10-05 00:00:00,188.4
2023-10-06 00:00:00,188.08
2023-10-09 00:00:00,188
2023-10-10 00:00:00,188.73
2023-10-11 00:00:00,188.99
2023-10-12 00:00:00,188.8
2023-10-13 00:00:00,188.72
2023-10-16 00:00:00,188.44
2023-10-17 00:00:00,188.08
2023-10-18 00:00:00,187.38
2023-10-19 00:00:00,187.17
2023-10-20 00:00:00,187.33
2023-10-23 00:00:00,187.2
2023-10-24 00:00:00,187.52
2023-10-25 00:00:00,187.5
2023-10-26 00:00:00,187.46
2023-10-27 00:00:00,187.68
2023-10-30 00:00:00,187.77
2023-10-31 00:00:00,187.78
2023-11-01 00:00:00,188.05
2023-11-02 00:00:00,189
2023-11-03 00:00:00,189.7
2023-11-06 00:00:00,189.75
2023-11-07 00:00:00,189.84
2023-11-08 00:00:00,190.02
2023-11-09 00:00:00,190
2023-11-10 00:00:00,189.83
2023-11-13 00:00:00,189.67
2023-11-14 00:00:00,190.63
2023-11-15 00:00:00,190.79
2023-11-16 00:00:00,191.03
2023-11-17 00:00:00,191.27
2023-11-20 00:00:00,191.26
2023-11-21 00:00:00,191.7
2023-11-22 00:00:00,191.75
2023-11-23 00:00:00,191.87
2023-11-24 00:00:00,191.72
2023-11-27 00:00:00,191.91
2023-11-28 00:00:00,192.28
2023-11-29 00:00:00,193.28
2023-11-30 00:00:00,193.14
2023-12-01 00:00:00,193.43
2023-12-04 00:00:00,193.69
2023-12-05 00:00:00,194.34
2023-12-06 00:00:00,194.67
2023-12-07 00:00:00,194.81
2023-12-08 00:00:00,194.5
2023-12-11 00:00:00,194.4
2023-12-12 00:00:00,194.57
2023-12-13 00:00:00,194.86
2023-12-14 00:00:00,196.83
2023-12-15 00:00:00,196.97
2023-12-18 00:00:00,197.05
2023-12-19 00:00:00,197.28
2023-12-20 00:00:00,197.38
2023-12-21 00:00:00,197.54
2023-12-22 00:00:00,197.58
2023-12-26 00:00:00,197.85
2023-12-27 00:00:00,198.05
2023-12-28 00:00:00,198.21
2023-12-29 00:00:00,198.08
2024-01-02 00:00:00,197.77
2024-01-03 00:00:00,197.34
2024-01-04 00:00:00,197.16
2024-01-05 00:00:00,196.92
2024-01-08 00:00:00,196.7
2024-01-09 00:00:00,196.59
2024-01-10 00:00:00,196.74
2024-01-11 00:00:00,196.82
2024-01-12 00:00:00,197.16
2024-01-15 00:00:00,197.3
2024-01-16 00:00:00,196.9
2024-01-17 00:00:00,196.48
2024-01-18 00:00:00,196.49
2024-01-19 00:00:00,196.29
2024-01-22 00:00:00,196.53
2024-01-23 00:00:00,196.34
2024-01-24 00:00:00,196.35
2024-01-25 00:00:00,196.37
2024-01-26 00:00:00,196.41
2024-01-29 00:00:00,196.55
2024-01-30 00:00:00,196.8
2024-01-31 00:00:00,197.33
2024-02-01 00:00:00,197.91
2024-02-02 00:00:00,197.19
2024-02-05 00:00:00,196.64
2024-02-06 00:00:00,196.75
2024-02-07 00:00:00,196.96
2024-02-08 00:00:00,196.71
2024-02-09 00:00:00,196.64
2024-02-12 00:00:00,196.7
2024-02-13 00:00:00,196.22
2024-02-14 00:00:00,196.15
2024-02-15 00:00:00,196.42
2024-02-16 00:00:00,196.18
2024-02-19 00:00:00,196.28
2024-02-20 00:00:00,196.47
2024-02-21 00:00:00,196.46
2024-02-22 00:00:00,196.4
2024-02-23 00:00:00,196.47
2024-02-26 00:00:00,196.68
2024-02-27 00:00:00,196.57
2024-02-28 00:00:00,196.6
2024-02-29 00:00:00,196.76
2024-03-01 00:00:00,196.99
2024-03-04 00:00:00,197.01