Effective date,S&P MENA Sukuk Index
2014-02-28 00:00:00,103.75
2014-03-03 00:00:00,103.79
2014-03-04 00:00:00,103.8
2014-03-05 00:00:00,103.65
2014-03-06 00:00:00,103.52
2014-03-07 00:00:00,103.49
2014-03-10 00:00:00,103.4
2014-03-11 00:00:00,103.41
2014-03-12 00:00:00,103.45
2014-03-13 00:00:00,103.48
2014-03-14 00:00:00,103.46
2014-03-17 00:00:00,103.57
2014-03-18 00:00:00,103.64
2014-03-19 00:00:00,103.78
2014-03-20 00:00:00,103.68
2014-03-21 00:00:00,103.66
2014-03-24 00:00:00,103.72
2014-03-25 00:00:00,103.75
2014-03-26 00:00:00,103.82
2014-03-27 00:00:00,103.91
2014-03-28 00:00:00,103.95
2014-03-31 00:00:00,103.96
2014-04-01 00:00:00,103.95
2014-04-02 00:00:00,103.89
2014-04-03 00:00:00,103.79
2014-04-04 00:00:00,103.81
2014-04-07 00:00:00,103.95
2014-04-08 00:00:00,103.99
2014-04-09 00:00:00,103.98
2014-04-10 00:00:00,104.05
2014-04-11 00:00:00,104.01
2014-04-14 00:00:00,104.03
2014-04-15 00:00:00,103.98
2014-04-16 00:00:00,104.02
2014-04-17 00:00:00,104.1
2014-04-18 00:00:00,104.1
2014-04-21 00:00:00,104.13
2014-04-22 00:00:00,104.16
2014-04-23 00:00:00,104.18
2014-04-24 00:00:00,104.21
2014-04-25 00:00:00,104.21
2014-04-28 00:00:00,104.24
2014-04-29 00:00:00,104.29
2014-04-30 00:00:00,104.29
2014-05-01 00:00:00,104.36
2014-05-02 00:00:00,104.41
2014-05-05 00:00:00,104.44
2014-05-06 00:00:00,104.52
2014-05-07 00:00:00,104.72
2014-05-08 00:00:00,104.8
2014-05-09 00:00:00,104.86
2014-05-12 00:00:00,104.86
2014-05-13 00:00:00,104.86
2014-05-14 00:00:00,104.97
2014-05-15 00:00:00,105.05
2014-05-16 00:00:00,105.07
2014-05-19 00:00:00,105.18
2014-05-20 00:00:00,105.17
2014-05-21 00:00:00,105.23
2014-05-22 00:00:00,105.25
2014-05-23 00:00:00,105.29
2014-05-26 00:00:00,105.32
2014-05-27 00:00:00,105.37
2014-05-28 00:00:00,105.5
2014-05-29 00:00:00,105.58
2014-05-30 00:00:00,105.59
2014-06-02 00:00:00,105.58
2014-06-03 00:00:00,105.52
2014-06-04 00:00:00,105.38
2014-06-05 00:00:00,105.42
2014-06-06 00:00:00,105.55
2014-06-09 00:00:00,105.67
2014-06-10 00:00:00,105.63
2014-06-11 00:00:00,105.58
2014-06-12 00:00:00,105.6
2014-06-13 00:00:00,105.58
2014-06-16 00:00:00,105.53
2014-06-17 00:00:00,105.49
2014-06-18 00:00:00,105.4
2014-06-19 00:00:00,105.4
2014-06-20 00:00:00,105.41
2014-06-23 00:00:00,105.44
2014-06-24 00:00:00,105.43
2014-06-25 00:00:00,105.48
2014-06-26 00:00:00,105.52
2014-06-27 00:00:00,105.54
2014-06-30 00:00:00,105.58
2014-07-01 00:00:00,105.63
2014-07-02 00:00:00,105.59
2014-07-03 00:00:00,105.48
2014-07-04 00:00:00,105.48
2014-07-07 00:00:00,105.54
2014-07-08 00:00:00,105.57
2014-07-09 00:00:00,105.63
2014-07-10 00:00:00,105.72
2014-07-11 00:00:00,105.71
2014-07-14 00:00:00,105.83
2014-07-15 00:00:00,105.83
2014-07-16 00:00:00,105.83
2014-07-17 00:00:00,105.82
2014-07-18 00:00:00,105.81
2014-07-21 00:00:00,105.85
2014-07-22 00:00:00,105.87
2014-07-23 00:00:00,105.98
2014-07-24 00:00:00,105.98
2014-07-25 00:00:00,106.02
2014-07-28 00:00:00,106.03
2014-07-29 00:00:00,106.05
2014-07-30 00:00:00,106.05
2014-07-31 00:00:00,105.93
2014-08-01 00:00:00,105.9
2014-08-04 00:00:00,105.96
2014-08-05 00:00:00,105.94
2014-08-06 00:00:00,105.95
2014-08-07 00:00:00,105.95
2014-08-08 00:00:00,105.96
2014-08-11 00:00:00,106.02
2014-08-12 00:00:00,106.14
2014-08-13 00:00:00,106.23
2014-08-14 00:00:00,106.42
2014-08-15 00:00:00,106.53
2014-08-18 00:00:00,106.54
2014-08-19 00:00:00,106.67
2014-08-20 00:00:00,106.7
2014-08-21 00:00:00,106.67
2014-08-22 00:00:00,106.68
2014-08-25 00:00:00,106.7
2014-08-26 00:00:00,106.76
2014-08-27 00:00:00,106.84
2014-08-28 00:00:00,106.93
2014-08-29 00:00:00,106.96
2014-09-01 00:00:00,106.98
2014-09-02 00:00:00,106.99
2014-09-03 00:00:00,106.9
2014-09-04 00:00:00,106.97
2014-09-05 00:00:00,106.97
2014-09-08 00:00:00,107.05
2014-09-09 00:00:00,106.96
2014-09-10 00:00:00,106.82
2014-09-11 00:00:00,106.78
2014-09-12 00:00:00,106.54
2014-09-15 00:00:00,106.4
2014-09-16 00:00:00,106.48
2014-09-17 00:00:00,106.44
2014-09-18 00:00:00,106.34
2014-09-19 00:00:00,106.31
2014-09-22 00:00:00,106.6
2014-09-23 00:00:00,106.6
2014-09-24 00:00:00,106.64
2014-09-25 00:00:00,106.62
2014-09-26 00:00:00,106.41
2014-09-29 00:00:00,106.3
2014-09-30 00:00:00,106.38
2014-10-01 00:00:00,106.4
2014-10-02 00:00:00,106.52
2014-10-03 00:00:00,106.47
2014-10-06 00:00:00,106.61
2014-10-07 00:00:00,106.71
2014-10-08 00:00:00,106.82
2014-10-09 00:00:00,107.09
2014-10-10 00:00:00,107.04
2014-10-13 00:00:00,107
2014-10-14 00:00:00,107.17
2014-10-15 00:00:00,107.26
2014-10-16 00:00:00,107.2
2014-10-17 00:00:00,107.22
2014-10-20 00:00:00,107.26
2014-10-21 00:00:00,107.32
2014-10-22 00:00:00,107.35
2014-10-23 00:00:00,107.37
2014-10-24 00:00:00,107.38
2014-10-27 00:00:00,107.43
2014-10-28 00:00:00,107.44
2014-10-29 00:00:00,107.43
2014-10-30 00:00:00,107.43
2014-10-31 00:00:00,107.44
2014-11-03 00:00:00,107.49
2014-11-04 00:00:00,107.52
2014-11-05 00:00:00,107.54
2014-11-06 00:00:00,107.51
2014-11-07 00:00:00,107.5
2014-11-10 00:00:00,107.69
2014-11-11 00:00:00,107.68
2014-11-12 00:00:00,107.7
2014-11-13 00:00:00,107.67
2014-11-14 00:00:00,107.64
2014-11-17 00:00:00,107.65
2014-11-18 00:00:00,107.67
2014-11-19 00:00:00,107.61
2014-11-20 00:00:00,107.64
2014-11-21 00:00:00,107.64
2014-11-24 00:00:00,107.69
2014-11-25 00:00:00,107.74
2014-11-26 00:00:00,107.83
2014-11-27 00:00:00,107.85
2014-11-28 00:00:00,107.88
2014-12-01 00:00:00,107.87
2014-12-02 00:00:00,107.81
2014-12-03 00:00:00,107.77
2014-12-04 00:00:00,107.79
2014-12-05 00:00:00,107.77
2014-12-08 00:00:00,107.73
2014-12-09 00:00:00,107.67
2014-12-10 00:00:00,107.63
2014-12-11 00:00:00,107.53
2014-12-12 00:00:00,107.37
2014-12-15 00:00:00,106.96
2014-12-16 00:00:00,106.04
2014-12-17 00:00:00,106.65
2014-12-18 00:00:00,106.79
2014-12-19 00:00:00,106.87
2014-12-22 00:00:00,107.07
2014-12-23 00:00:00,107.18
2014-12-24 00:00:00,107.19
2014-12-26 00:00:00,107.21
2014-12-29 00:00:00,107.25
2014-12-30 00:00:00,107.28
2014-12-31 00:00:00,107.32
2015-01-02 00:00:00,107.37
2015-01-05 00:00:00,107.68
2015-01-06 00:00:00,107.57
2015-01-07 00:00:00,107.65
2015-01-08 00:00:00,107.96
2015-01-09 00:00:00,107.97
2015-01-12 00:00:00,108.12
2015-01-13 00:00:00,108.29
2015-01-14 00:00:00,108.57
2015-01-15 00:00:00,108.65
2015-01-16 00:00:00,108.83
2015-01-19 00:00:00,108.8
2015-01-20 00:00:00,108.85
2015-01-21 00:00:00,108.93
2015-01-22 00:00:00,108.87
2015-01-23 00:00:00,109
2015-01-26 00:00:00,109.06
2015-01-27 00:00:00,109.17
2015-01-28 00:00:00,109.2
2015-01-29 00:00:00,109.32
2015-01-30 00:00:00,109.38
2015-02-02 00:00:00,109.46
2015-02-03 00:00:00,109.53
2015-02-04 00:00:00,109.51
2015-02-05 00:00:00,109.54
2015-02-06 00:00:00,109.53
2015-02-09 00:00:00,109.47
2015-02-10 00:00:00,109.24
2015-02-11 00:00:00,109.23
2015-02-12 00:00:00,109.12
2015-02-13 00:00:00,109.16
2015-02-16 00:00:00,109.2
2015-02-17 00:00:00,109.12
2015-02-18 00:00:00,109.05
2015-02-19 00:00:00,109.12
2015-02-20 00:00:00,109.12
2015-02-23 00:00:00,109.14
2015-02-24 00:00:00,109.13
2015-02-25 00:00:00,109.24
2015-02-26 00:00:00,109.32
2015-02-27 00:00:00,109.31
2015-03-02 00:00:00,109.41
2015-03-03 00:00:00,109.32
2015-03-04 00:00:00,109.28
2015-03-05 00:00:00,109.28
2015-03-06 00:00:00,109.25
2015-03-09 00:00:00,109
2015-03-10 00:00:00,108.9
2015-03-11 00:00:00,108.86
2015-03-12 00:00:00,108.9
2015-03-13 00:00:00,108.81
2015-03-16 00:00:00,108.73
2015-03-17 00:00:00,108.69
2015-03-18 00:00:00,108.68
2015-03-19 00:00:00,108.95
2015-03-20 00:00:00,109.05
2015-03-23 00:00:00,109.09
2015-03-24 00:00:00,109.16
2015-03-25 00:00:00,109.25
2015-03-26 00:00:00,108.94
2015-03-27 00:00:00,108.85
2015-03-30 00:00:00,109
2015-03-31 00:00:00,109.06
2015-04-01 00:00:00,109.2
2015-04-02 00:00:00,109.32
2015-04-03 00:00:00,109.33
2015-04-06 00:00:00,109.36
2015-04-07 00:00:00,109.42
2015-04-08 00:00:00,109.5
2015-04-09 00:00:00,109.54
2015-04-10 00:00:00,109.51
2015-04-13 00:00:00,109.5
2015-04-14 00:00:00,109.59
2015-04-15 00:00:00,109.65
2015-04-16 00:00:00,109.68
2015-04-17 00:00:00,109.69
2015-04-20 00:00:00,109.73
2015-04-21 00:00:00,109.73
2015-04-22 00:00:00,109.74
2015-04-23 00:00:00,109.69
2015-04-24 00:00:00,109.69
2015-04-27 00:00:00,109.75
2015-04-28 00:00:00,109.76
2015-04-29 00:00:00,109.67
2015-04-30 00:00:00,109.55
2015-05-01 00:00:00,109.48
2015-05-04 00:00:00,109.51
2015-05-05 00:00:00,109.38
2015-05-06 00:00:00,109.28
2015-05-07 00:00:00,109.21
2015-05-08 00:00:00,109.36
2015-05-11 00:00:00,109.47
2015-05-12 00:00:00,109.28
2015-05-13 00:00:00,109.33
2015-05-14 00:00:00,109.33
2015-05-15 00:00:00,109.43
2015-05-18 00:00:00,109.5
2015-05-19 00:00:00,109.49
2015-05-20 00:00:00,109.47
2015-05-21 00:00:00,109.51
2015-05-22 00:00:00,109.52
2015-05-25 00:00:00,109.54
2015-05-26 00:00:00,109.59
2015-05-27 00:00:00,109.59
2015-05-28 00:00:00,109.59
2015-05-29 00:00:00,109.6
2015-06-01 00:00:00,109.62
2015-06-02 00:00:00,109.5
2015-06-03 00:00:00,109.36
2015-06-04 00:00:00,109.15
2015-06-05 00:00:00,109.1
2015-06-08 00:00:00,109.06
2015-06-09 00:00:00,109.07
2015-06-10 00:00:00,108.94
2015-06-11 00:00:00,108.86
2015-06-12 00:00:00,108.97
2015-06-15 00:00:00,109.01
2015-06-16 00:00:00,108.95
2015-06-17 00:00:00,108.99
2015-06-18 00:00:00,109.14
2015-06-19 00:00:00,109.19
2015-06-22 00:00:00,109.23
2015-06-23 00:00:00,109.21
2015-06-24 00:00:00,109.22
2015-06-25 00:00:00,109.24
2015-06-26 00:00:00,109.21
2015-06-29 00:00:00,109
2015-06-30 00:00:00,108.95
2015-07-01 00:00:00,109.02
2015-07-02 00:00:00,109.05
2015-07-03 00:00:00,109.07
2015-07-06 00:00:00,109.13
2015-07-07 00:00:00,109.15
2015-07-08 00:00:00,109.19
2015-07-09 00:00:00,109.27
2015-07-10 00:00:00,109.31
2015-07-13 00:00:00,109.32
2015-07-14 00:00:00,109.32
2015-07-15 00:00:00,109.32
2015-07-16 00:00:00,109.35
2015-07-17 00:00:00,109.34
2015-07-20 00:00:00,109.36
2015-07-21 00:00:00,109.38
2015-07-22 00:00:00,109.41
2015-07-23 00:00:00,109.4
2015-07-24 00:00:00,109.4
2015-07-27 00:00:00,109.46
2015-07-28 00:00:00,109.46
2015-07-29 00:00:00,109.48
2015-07-30 00:00:00,109.5
2015-07-31 00:00:00,109.5
2015-08-03 00:00:00,109.58
2015-08-04 00:00:00,109.65
2015-08-05 00:00:00,109.64
2015-08-06 00:00:00,109.6
2015-08-07 00:00:00,109.56
2015-08-10 00:00:00,109.6
2015-08-11 00:00:00,109.61
2015-08-12 00:00:00,109.69
2015-08-13 00:00:00,109.67
2015-08-14 00:00:00,109.69
2015-08-17 00:00:00,109.69
2015-08-18 00:00:00,109.57
2015-08-19 00:00:00,109.42
2015-08-20 00:00:00,109.24
2015-08-21 00:00:00,109.19
2015-08-24 00:00:00,109.01
2015-08-25 00:00:00,109.07
2015-08-26 00:00:00,109.12
2015-08-27 00:00:00,109.27
2015-08-28 00:00:00,109.39
2015-08-31 00:00:00,109.42
2015-09-01 00:00:00,109.35
2015-09-02 00:00:00,109.28
2015-09-03 00:00:00,109.26
2015-09-04 00:00:00,109.22
2015-09-07 00:00:00,109.3
2015-09-08 00:00:00,109.33
2015-09-09 00:00:00,109.35
2015-09-10 00:00:00,109.35
2015-09-11 00:00:00,109.4
2015-09-14 00:00:00,109.44
2015-09-15 00:00:00,109.46
2015-09-16 00:00:00,109.5
2015-09-17 00:00:00,109.54
2015-09-18 00:00:00,109.71
2015-09-21 00:00:00,109.86
2015-09-22 00:00:00,109.75
2015-09-23 00:00:00,109.78
2015-09-24 00:00:00,109.71
2015-09-25 00:00:00,109.67
2015-09-28 00:00:00,109.67
2015-09-29 00:00:00,109.63
2015-09-30 00:00:00,109.71
2015-10-01 00:00:00,109.79
2015-10-02 00:00:00,109.84
2015-10-05 00:00:00,110
2015-10-06 00:00:00,110.02
2015-10-07 00:00:00,110.01
2015-10-08 00:00:00,110.01
2015-10-09 00:00:00,109.97
2015-10-12 00:00:00,109.97
2015-10-13 00:00:00,110.01
2015-10-14 00:00:00,109.99
2015-10-15 00:00:00,110
2015-10-16 00:00:00,110.04
2015-10-19 00:00:00,110.1
2015-10-20 00:00:00,110.1
2015-10-21 00:00:00,110.1
2015-10-22 00:00:00,110.07
2015-10-23 00:00:00,110.06
2015-10-26 00:00:00,110.03
2015-10-27 00:00:00,109.98
2015-10-28 00:00:00,109.9
2015-10-29 00:00:00,109.79
2015-10-30 00:00:00,109.69
2015-11-02 00:00:00,109.22
2015-11-03 00:00:00,109.33
2015-11-04 00:00:00,109.37
2015-11-05 00:00:00,109.33
2015-11-06 00:00:00,109.22
2015-11-09 00:00:00,109.02
2015-11-10 00:00:00,108.92
2015-11-11 00:00:00,108.89
2015-11-12 00:00:00,108.81
2015-11-13 00:00:00,108.81
2015-11-16 00:00:00,108.67
2015-11-17 00:00:00,108.53
2015-11-18 00:00:00,108.45
2015-11-19 00:00:00,108.52
2015-11-20 00:00:00,108.56
2015-11-23 00:00:00,108.65
2015-11-24 00:00:00,108.61
2015-11-25 00:00:00,108.59
2015-11-26 00:00:00,108.53
2015-11-27 00:00:00,108.55
2015-11-30 00:00:00,108.57
2015-12-01 00:00:00,108.57
2015-12-02 00:00:00,108.56
2015-12-03 00:00:00,108.53
2015-12-04 00:00:00,108.34
2015-12-07 00:00:00,108.4
2015-12-08 00:00:00,108.42
2015-12-09 00:00:00,108.47
2015-12-10 00:00:00,108.48
2015-12-11 00:00:00,108.46
2015-12-14 00:00:00,108.43
2015-12-15 00:00:00,108.33
2015-12-16 00:00:00,108.33
2015-12-17 00:00:00,108.41
2015-12-18 00:00:00,108.45
2015-12-21 00:00:00,108.46
2015-12-22 00:00:00,108.48
2015-12-23 00:00:00,108.48
2015-12-24 00:00:00,108.49
2015-12-28 00:00:00,108.51
2015-12-29 00:00:00,108.53
2015-12-30 00:00:00,108.5
2015-12-31 00:00:00,108.49
2016-01-04 00:00:00,108.51
2016-01-05 00:00:00,108.45
2016-01-06 00:00:00,108.14
2016-01-07 00:00:00,107.63
2016-01-08 00:00:00,107.59
2016-01-11 00:00:00,107.59
2016-01-12 00:00:00,107.43
2016-01-13 00:00:00,107.43
2016-01-14 00:00:00,107.32
2016-01-15 00:00:00,106.82
2016-01-18 00:00:00,106.7
2016-01-19 00:00:00,106.91
2016-01-20 00:00:00,106.65
2016-01-21 00:00:00,106.62
2016-01-22 00:00:00,106.85
2016-01-25 00:00:00,107.23
2016-01-26 00:00:00,107.13
2016-01-27 00:00:00,107.27
2016-01-28 00:00:00,107.62
2016-01-29 00:00:00,107.81
2016-02-01 00:00:00,107.86
2016-02-02 00:00:00,107.73
2016-02-03 00:00:00,107.77
2016-02-04 00:00:00,107.9
2016-02-05 00:00:00,107.92
2016-02-08 00:00:00,107.94
2016-02-09 00:00:00,107.92
2016-02-10 00:00:00,108.04
2016-02-11 00:00:00,108.09
2016-02-12 00:00:00,108.32
2016-02-15 00:00:00,108.56
2016-02-16 00:00:00,108.69
2016-02-17 00:00:00,108.76
2016-02-18 00:00:00,108.72
2016-02-19 00:00:00,108.87
2016-02-22 00:00:00,108.98
2016-02-23 00:00:00,108.91
2016-02-24 00:00:00,108.85
2016-02-25 00:00:00,108.96
2016-02-26 00:00:00,109.14
2016-02-29 00:00:00,109.25
2016-03-01 00:00:00,109.37
2016-03-02 00:00:00,109.47
2016-03-03 00:00:00,109.51
2016-03-04 00:00:00,109.51
2016-03-07 00:00:00,109.64
2016-03-08 00:00:00,109.57
2016-03-09 00:00:00,109.57
2016-03-10 00:00:00,109.55
2016-03-11 00:00:00,109.56
2016-03-14 00:00:00,109.64
2016-03-15 00:00:00,109.58
2016-03-16 00:00:00,109.63
2016-03-17 00:00:00,109.83
2016-03-18 00:00:00,110.01
2016-03-21 00:00:00,110.13
2016-03-22 00:00:00,110.2
2016-03-23 00:00:00,110.26
2016-03-24 00:00:00,110.12
2016-03-25 00:00:00,110.13
2016-03-28 00:00:00,110.16
2016-03-29 00:00:00,110.24
2016-03-30 00:00:00,110.45
2016-03-31 00:00:00,110.5
2016-04-01 00:00:00,110.53
2016-04-04 00:00:00,110.54
2016-04-05 00:00:00,110.51
2016-04-06 00:00:00,110.54
2016-04-07 00:00:00,110.61
2016-04-08 00:00:00,110.63
2016-04-11 00:00:00,110.65
2016-04-12 00:00:00,110.75
2016-04-13 00:00:00,110.87
2016-04-14 00:00:00,110.9
2016-04-15 00:00:00,110.97
2016-04-18 00:00:00,110.97
2016-04-19 00:00:00,111.02
2016-04-20 00:00:00,111.05
2016-04-21 00:00:00,111.12
2016-04-22 00:00:00,111.05
2016-04-25 00:00:00,111.02
2016-04-26 00:00:00,111.05
2016-04-27 00:00:00,111.08
2016-04-28 00:00:00,111.16
2016-04-29 00:00:00,111.21
2016-05-02 00:00:00,111.22
2016-05-03 00:00:00,111.31
2016-05-04 00:00:00,111.25
2016-05-05 00:00:00,111.26
2016-05-06 00:00:00,111.28
2016-05-09 00:00:00,111.34
2016-05-10 00:00:00,111.41
2016-05-11 00:00:00,111.45
2016-05-12 00:00:00,111.49
2016-05-13 00:00:00,111.47
2016-05-16 00:00:00,111.49
2016-05-17 00:00:00,111.49
2016-05-18 00:00:00,111.35
2016-05-19 00:00:00,110.99
2016-05-20 00:00:00,111.04
2016-05-23 00:00:00,111.1
2016-05-24 00:00:00,111.15
2016-05-25 00:00:00,111.15
2016-05-26 00:00:00,111.17
2016-05-27 00:00:00,111.17
2016-05-30 00:00:00,111.2
2016-05-31 00:00:00,111.05
2016-06-01 00:00:00,110.97
2016-06-02 00:00:00,110.87
2016-06-03 00:00:00,110.9
2016-06-06 00:00:00,111.07
2016-06-07 00:00:00,111.13
2016-06-08 00:00:00,111.2
2016-06-09 00:00:00,111.14
2016-06-10 00:00:00,111.04
2016-06-13 00:00:00,111.07
2016-06-14 00:00:00,111.07
2016-06-15 00:00:00,111.13
2016-06-16 00:00:00,111.24
2016-06-17 00:00:00,111.2
2016-06-20 00:00:00,111.45
2016-06-21 00:00:00,111.56
2016-06-22 00:00:00,111.68
2016-06-23 00:00:00,111.83
2016-06-24 00:00:00,111.64
2016-06-27 00:00:00,111.74
2016-06-28 00:00:00,112.01
2016-06-29 00:00:00,112.32
2016-06-30 00:00:00,112.41
2016-07-01 00:00:00,112.66
2016-07-04 00:00:00,112.52
2016-07-05 00:00:00,112.68
2016-07-06 00:00:00,112.8
2016-07-07 00:00:00,112.72
2016-07-08 00:00:00,112.88
2016-07-11 00:00:00,113.13
2016-07-12 00:00:00,113.05
2016-07-13 00:00:00,112.95
2016-07-14 00:00:00,112.79
2016-07-15 00:00:00,112.69
2016-07-18 00:00:00,112.72
2016-07-19 00:00:00,112.73
2016-07-20 00:00:00,112.77
2016-07-21 00:00:00,112.79
2016-07-22 00:00:00,112.76
2016-07-25 00:00:00,112.81
2016-07-26 00:00:00,112.89
2016-07-27 00:00:00,112.95
2016-07-28 00:00:00,113.04
2016-07-29 00:00:00,113.07
2016-08-01 00:00:00,113.2
2016-08-02 00:00:00,113.12
2016-08-03 00:00:00,113.07
2016-08-04 00:00:00,113.17
2016-08-05 00:00:00,113.21
2016-08-08 00:00:00,113.21
2016-08-09 00:00:00,113.29
2016-08-10 00:00:00,113.42
2016-08-11 00:00:00,113.46
2016-08-12 00:00:00,113.54
2016-08-15 00:00:00,113.84
2016-08-16 00:00:00,113.98
2016-08-17 00:00:00,114.05
2016-08-18 00:00:00,114.15
2016-08-19 00:00:00,114.13
2016-08-22 00:00:00,114.17
2016-08-23 00:00:00,114.16
2016-08-25 00:00:00,114.15
2016-08-26 00:00:00,114.15
2016-08-29 00:00:00,114.19
2016-08-30 00:00:00,114.15
2016-08-31 00:00:00,114.11
2016-09-01 00:00:00,114.04
2016-09-02 00:00:00,113.89
2016-09-05 00:00:00,113.9
2016-09-06 00:00:00,113.88
2016-09-07 00:00:00,113.97
2016-09-08 00:00:00,113.97
2016-09-09 00:00:00,113.84
2016-09-12 00:00:00,113.7
2016-09-13 00:00:00,113.65
2016-09-14 00:00:00,113.5
2016-09-15 00:00:00,113.46
2016-09-16 00:00:00,113.48
2016-09-19 00:00:00,113.53
2016-09-20 00:00:00,113.58
2016-09-21 00:00:00,113.63
2016-09-22 00:00:00,113.88
2016-09-23 00:00:00,113.9
2016-09-26 00:00:00,113.86
2016-09-27 00:00:00,113.78
2016-09-28 00:00:00,113.79
2016-09-29 00:00:00,113.72
2016-09-30 00:00:00,113.65
2016-10-03 00:00:00,113.64
2016-10-04 00:00:00,113.62
2016-10-05 00:00:00,113.58
2016-10-06 00:00:00,113.56
2016-10-07 00:00:00,113.51
2016-10-10 00:00:00,113.54
2016-10-11 00:00:00,113.35
2016-10-12 00:00:00,113.34
2016-10-13 00:00:00,113.3
2016-10-14 00:00:00,113.33
2016-10-17 00:00:00,113.34
2016-10-18 00:00:00,113.66
2016-10-19 00:00:00,113.88
2016-10-20 00:00:00,113.94
2016-10-21 00:00:00,113.94
2016-10-24 00:00:00,114.02
2016-10-25 00:00:00,114.02
2016-10-26 00:00:00,114
2016-10-27 00:00:00,113.88
2016-10-28 00:00:00,113.84
2016-10-31 00:00:00,113.86
2016-11-01 00:00:00,113.97
2016-11-02 00:00:00,114.08
2016-11-03 00:00:00,113.98
2016-11-04 00:00:00,114.08
2016-11-07 00:00:00,114.02
2016-11-08 00:00:00,113.99
2016-11-09 00:00:00,113.62
2016-11-10 00:00:00,113.6
2016-11-11 00:00:00,113.34
2016-11-14 00:00:00,112.85
2016-11-15 00:00:00,112.74
2016-11-16 00:00:00,112.79
2016-11-17 00:00:00,112.79
2016-11-18 00:00:00,112.59
2016-11-21 00:00:00,112.74
2016-11-22 00:00:00,112.86
2016-11-23 00:00:00,112.92
2016-11-24 00:00:00,112.65
2016-11-25 00:00:00,112.7
2016-11-28 00:00:00,112.89
2016-11-29 00:00:00,112.88
2016-11-30 00:00:00,112.8
2016-12-01 00:00:00,112.66
2016-12-02 00:00:00,112.8
2016-12-05 00:00:00,112.85
2016-12-06 00:00:00,112.8
2016-12-07 00:00:00,112.93
2016-12-08 00:00:00,113.05
2016-12-09 00:00:00,112.93
2016-12-12 00:00:00,112.99
2016-12-13 00:00:00,112.88
2016-12-14 00:00:00,113.01
2016-12-15 00:00:00,112.64
2016-12-16 00:00:00,112.74
2016-12-19 00:00:00,112.82
2016-12-20 00:00:00,112.84
2016-12-21 00:00:00,112.99
2016-12-22 00:00:00,113.03
2016-12-23 00:00:00,113.04
2016-12-27 00:00:00,112.99
2016-12-28 00:00:00,113.1
2016-12-29 00:00:00,113.21
2016-12-30 00:00:00,113.36
2017-01-03 00:00:00,113.34
2017-01-04 00:00:00,113.52
2017-01-05 00:00:00,113.83
2017-01-06 00:00:00,113.67
2017-01-09 00:00:00,113.86
2017-01-10 00:00:00,113.88
2017-01-11 00:00:00,113.95
2017-01-12 00:00:00,114.01
2017-01-13 00:00:00,113.82
2017-01-16 00:00:00,113.96
2017-01-17 00:00:00,114
2017-01-18 00:00:00,114
2017-01-19 00:00:00,113.72
2017-01-20 00:00:00,113.79
2017-01-23 00:00:00,113.92
2017-01-24 00:00:00,113.85
2017-01-25 00:00:00,113.79
2017-01-26 00:00:00,113.83
2017-01-27 00:00:00,113.78
2017-01-30 00:00:00,113.82
2017-01-31 00:00:00,113.87
2017-02-01 00:00:00,113.87
2017-02-02 00:00:00,113.95
2017-02-03 00:00:00,114.11
2017-02-06 00:00:00,114.3
2017-02-07 00:00:00,114.38
2017-02-08 00:00:00,114.38
2017-02-09 00:00:00,114.27
2017-02-10 00:00:00,114.32
2017-02-13 00:00:00,114.33
2017-02-14 00:00:00,114.28
2017-02-15 00:00:00,114.16
2017-02-16 00:00:00,114.25
2017-02-17 00:00:00,114.23
2017-02-20 00:00:00,114.25
2017-02-21 00:00:00,114.35
2017-02-22 00:00:00,114.23
2017-02-23 00:00:00,114.42
2017-02-24 00:00:00,114.5
2017-02-27 00:00:00,114.45
2017-02-28 00:00:00,114.58
2017-03-01 00:00:00,114.41
2017-03-02 00:00:00,114.32
2017-03-03 00:00:00,114.26
2017-03-06 00:00:00,114.28
2017-03-07 00:00:00,114.32
2017-03-08 00:00:00,114.22
2017-03-09 00:00:00,114.16
2017-03-10 00:00:00,114.13
2017-03-13 00:00:00,114.19
2017-03-14 00:00:00,114.17
2017-03-15 00:00:00,114.31
2017-03-16 00:00:00,114.37
2017-03-17 00:00:00,114.46
2017-03-20 00:00:00,114.54
2017-03-21 00:00:00,114.7
2017-03-22 00:00:00,114.56
2017-03-23 00:00:00,114.53
2017-03-24 00:00:00,114.64
2017-03-27 00:00:00,114.72
2017-03-28 00:00:00,114.67
2017-03-29 00:00:00,114.81
2017-03-30 00:00:00,114.79
2017-03-31 00:00:00,114.83
2017-04-03 00:00:00,114.95
2017-04-04 00:00:00,114.91
2017-04-05 00:00:00,114.9
2017-04-06 00:00:00,114.9
2017-04-07 00:00:00,114.81
2017-04-10 00:00:00,114.93
2017-04-11 00:00:00,114.94
2017-04-12 00:00:00,114.98
2017-04-13 00:00:00,115.12
2017-04-14 00:00:00,115.12
2017-04-17 00:00:00,115.07
2017-04-18 00:00:00,115.17
2017-04-19 00:00:00,115.13
2017-04-20 00:00:00,115.03
2017-04-21 00:00:00,115.16
2017-04-24 00:00:00,115.23
2017-04-25 00:00:00,115.12
2017-04-26 00:00:00,115.15
2017-04-27 00:00:00,115.32
2017-04-28 00:00:00,115.34
2017-05-01 00:00:00,115.16
2017-05-02 00:00:00,115.42
2017-05-03 00:00:00,115.42
2017-05-04 00:00:00,115.27
2017-05-05 00:00:00,115.24
2017-05-08 00:00:00,115.16
2017-05-09 00:00:00,115.15
2017-05-10 00:00:00,115.36
2017-05-11 00:00:00,115.45
2017-05-12 00:00:00,115.6
2017-05-15 00:00:00,115.6
2017-05-16 00:00:00,115.66
2017-05-17 00:00:00,115.84
2017-05-18 00:00:00,115.76
2017-05-19 00:00:00,115.78
2017-05-22 00:00:00,115.87
2017-05-23 00:00:00,115.81
2017-05-24 00:00:00,115.8
2017-05-25 00:00:00,116.03
2017-05-26 00:00:00,115.96
2017-05-29 00:00:00,116.06
2017-05-30 00:00:00,116.15
2017-05-31 00:00:00,116.2
2017-06-01 00:00:00,116.17
2017-06-02 00:00:00,116.32
2017-06-05 00:00:00,116.09
2017-06-06 00:00:00,116.06
2017-06-07 00:00:00,116.05
2017-06-08 00:00:00,115.9
2017-06-09 00:00:00,115.87
2017-06-12 00:00:00,116.07
2017-06-13 00:00:00,115.88
2017-06-14 00:00:00,116.27
2017-06-15 00:00:00,116.12
2017-06-16 00:00:00,116.26
2017-06-19 00:00:00,116.14
2017-06-20 00:00:00,116.22
2017-06-21 00:00:00,116.21
2017-06-22 00:00:00,116.11
2017-06-23 00:00:00,116.01
2017-06-26 00:00:00,116.07
2017-06-27 00:00:00,115.95
2017-06-28 00:00:00,116.08
2017-06-29 00:00:00,116.14
2017-06-30 00:00:00,116.03
2017-07-03 00:00:00,115.87
2017-07-04 00:00:00,115.87
2017-07-05 00:00:00,115.83
2017-07-06 00:00:00,115.55
2017-07-07 00:00:00,115.47
2017-07-10 00:00:00,115.51
2017-07-11 00:00:00,115.58
2017-07-12 00:00:00,115.73
2017-07-13 00:00:00,115.67
2017-07-14 00:00:00,115.9
2017-07-17 00:00:00,115.96
2017-07-18 00:00:00,116.08
2017-07-19 00:00:00,116.07
2017-07-20 00:00:00,116.14
2017-07-21 00:00:00,116.19
2017-07-24 00:00:00,116.19
2017-07-25 00:00:00,116.18
2017-07-26 00:00:00,116.19
2017-07-27 00:00:00,116.37
2017-07-28 00:00:00,116.42
2017-07-31 00:00:00,116.34
2017-08-01 00:00:00,116.54
2017-08-02 00:00:00,116.5
2017-08-03 00:00:00,116.58
2017-08-04 00:00:00,116.58
2017-08-07 00:00:00,116.58
2017-08-08 00:00:00,116.54
2017-08-09 00:00:00,116.56
2017-08-10 00:00:00,116.69
2017-08-11 00:00:00,116.73
2017-08-14 00:00:00,116.79
2017-08-15 00:00:00,116.72
2017-08-16 00:00:00,116.78
2017-08-17 00:00:00,116.93
2017-08-18 00:00:00,116.76
2017-08-21 00:00:00,116.9
2017-08-22 00:00:00,116.85
2017-08-23 00:00:00,116.92
2017-08-24 00:00:00,116.94
2017-08-25 00:00:00,117
2017-08-28 00:00:00,116.99
2017-08-29 00:00:00,117.1
2017-08-30 00:00:00,117.13
2017-08-31 00:00:00,117.17
2017-09-01 00:00:00,117.05
2017-09-04 00:00:00,117.33
2017-09-05 00:00:00,117.54
2017-09-06 00:00:00,117.45
2017-09-07 00:00:00,117.58
2017-09-08 00:00:00,117.59
2017-09-11 00:00:00,117.49
2017-09-12 00:00:00,117.32
2017-09-13 00:00:00,117.3
2017-09-14 00:00:00,117.29
2017-09-15 00:00:00,117.29
2017-09-18 00:00:00,117.25
2017-09-19 00:00:00,117.18
2017-09-20 00:00:00,117.2
2017-09-21 00:00:00,117.04
2017-09-22 00:00:00,117.05
2017-09-25 00:00:00,117.26
2017-09-26 00:00:00,117.06
2017-09-27 00:00:00,116.95
2017-09-28 00:00:00,116.97
2017-09-29 00:00:00,117.1
2017-10-02 00:00:00,117.05
2017-10-03 00:00:00,117.32
2017-10-04 00:00:00,117.29
2017-10-05 00:00:00,117.23
2017-10-06 00:00:00,117.36
2017-10-09 00:00:00,117.26
2017-10-10 00:00:00,117.33
2017-10-11 00:00:00,117.21
2017-10-12 00:00:00,117.3
2017-10-13 00:00:00,117.4
2017-10-16 00:00:00,117.4
2017-10-17 00:00:00,117.36
2017-10-18 00:00:00,117.36
2017-10-19 00:00:00,117.3
2017-10-20 00:00:00,117.17
2017-10-23 00:00:00,117.31
2017-10-24 00:00:00,117.25
2017-10-25 00:00:00,117.19
2017-10-26 00:00:00,117.06
2017-10-27 00:00:00,117.13
2017-10-30 00:00:00,117.29
2017-10-31 00:00:00,117.24
2017-11-01 00:00:00,117.26
2017-11-02 00:00:00,117.26
2017-11-03 00:00:00,117.32
2017-11-06 00:00:00,117.19
2017-11-07 00:00:00,117.13
2017-11-08 00:00:00,116.81
2017-11-09 00:00:00,116.97
2017-11-10 00:00:00,116.67
2017-11-13 00:00:00,116.73
2017-11-14 00:00:00,116.8
2017-11-15 00:00:00,116.75
2017-11-16 00:00:00,116.75
2017-11-17 00:00:00,116.92
2017-11-20 00:00:00,116.85
2017-11-21 00:00:00,116.86
2017-11-22 00:00:00,117.13
2017-11-23 00:00:00,117.09
2017-11-24 00:00:00,117.08
2017-11-27 00:00:00,117.19
2017-11-28 00:00:00,117.28
2017-11-29 00:00:00,117.17
2017-11-30 00:00:00,116.98
2017-12-01 00:00:00,117.21
2017-12-04 00:00:00,117.18
2017-12-05 00:00:00,117.22
2017-12-06 00:00:00,117.15
2017-12-07 00:00:00,117.1
2017-12-08 00:00:00,117.12
2017-12-11 00:00:00,117.03
2017-12-12 00:00:00,117.05
2017-12-13 00:00:00,117.05
2017-12-14 00:00:00,117.21
2017-12-15 00:00:00,117.18
2017-12-18 00:00:00,117.17
2017-12-19 00:00:00,117.01
2017-12-20 00:00:00,117.09
2017-12-21 00:00:00,117.03
2017-12-22 00:00:00,117.02
2017-12-26 00:00:00,117.13
2017-12-27 00:00:00,117.24
2017-12-28 00:00:00,117.12
2017-12-29 00:00:00,117.21
2018-01-02 00:00:00,117
2018-01-03 00:00:00,117.19
2018-01-04 00:00:00,117.28
2018-01-05 00:00:00,117.17
2018-01-08 00:00:00,117.24
2018-01-09 00:00:00,117.29
2018-01-10 00:00:00,117.25
2018-01-11 00:00:00,117.3
2018-01-12 00:00:00,117.22
2018-01-15 00:00:00,117.26
2018-01-16 00:00:00,117.21
2018-01-17 00:00:00,117.19
2018-01-18 00:00:00,117.16
2018-01-19 00:00:00,117.18
2018-01-22 00:00:00,117.19
2018-01-23 00:00:00,117.25
2018-01-24 00:00:00,117.16
2018-01-25 00:00:00,117.21
2018-01-26 00:00:00,117.06
2018-01-29 00:00:00,117.15
2018-01-30 00:00:00,117.02
2018-01-31 00:00:00,116.93
2018-02-01 00:00:00,116.85
2018-02-02 00:00:00,116.8
2018-02-05 00:00:00,116.88
2018-02-06 00:00:00,116.81
2018-02-07 00:00:00,116.72
2018-02-08 00:00:00,116.74
2018-02-09 00:00:00,116.52
2018-02-12 00:00:00,116.31
2018-02-13 00:00:00,116.19
2018-02-14 00:00:00,115.86
2018-02-15 00:00:00,115.89
2018-02-16 00:00:00,115.95
2018-02-19 00:00:00,115.89
2018-02-20 00:00:00,115.92
2018-02-21 00:00:00,115.95
2018-02-22 00:00:00,115.87
2018-02-23 00:00:00,115.94
2018-02-26 00:00:00,115.86
2018-02-27 00:00:00,115.65
2018-02-28 00:00:00,115.94
2018-03-01 00:00:00,115.87
2018-03-02 00:00:00,115.77
2018-03-05 00:00:00,115.76
2018-03-06 00:00:00,115.92
2018-03-07 00:00:00,115.91
2018-03-08 00:00:00,115.92
2018-03-09 00:00:00,115.9
2018-03-12 00:00:00,115.8
2018-03-13 00:00:00,115.9
2018-03-14 00:00:00,115.99
2018-03-15 00:00:00,115.93
2018-03-16 00:00:00,115.9
2018-03-19 00:00:00,115.86
2018-03-20 00:00:00,115.8
2018-03-21 00:00:00,115.84
2018-03-22 00:00:00,115.73
2018-03-23 00:00:00,115.65
2018-03-26 00:00:00,115.7
2018-03-27 00:00:00,115.83
2018-03-28 00:00:00,115.86
2018-03-29 00:00:00,115.97
2018-03-30 00:00:00,116
2018-04-02 00:00:00,115.96
2018-04-03 00:00:00,115.83
2018-04-04 00:00:00,115.87
2018-04-05 00:00:00,115.79
2018-04-06 00:00:00,116.03
2018-04-09 00:00:00,115.98
2018-04-10 00:00:00,115.92
2018-04-11 00:00:00,115.89
2018-04-12 00:00:00,115.68
2018-04-13 00:00:00,115.88
2018-04-16 00:00:00,115.92
2018-04-17 00:00:00,115.9
2018-04-18 00:00:00,115.66
2018-04-19 00:00:00,115.57
2018-04-20 00:00:00,115.45
2018-04-23 00:00:00,115.43
2018-04-24 00:00:00,115.35
2018-04-25 00:00:00,115.2
2018-04-26 00:00:00,115.24
2018-04-27 00:00:00,115.26
2018-04-30 00:00:00,115.31
2018-05-01 00:00:00,115.22
2018-05-02 00:00:00,115.14
2018-05-03 00:00:00,115.08
2018-05-04 00:00:00,114.95
2018-05-07 00:00:00,114.98
2018-05-08 00:00:00,115.02
2018-05-09 00:00:00,114.84
2018-05-10 00:00:00,114.88
2018-05-11 00:00:00,115.03
2018-05-14 00:00:00,115.11
2018-05-15 00:00:00,114.84
2018-05-16 00:00:00,114.88
2018-05-17 00:00:00,114.8
2018-05-18 00:00:00,114.88
2018-05-21 00:00:00,114.85
2018-05-22 00:00:00,114.92
2018-05-23 00:00:00,115.12
2018-05-24 00:00:00,115.27
2018-05-25 00:00:00,115.42
2018-05-28 00:00:00,115.68
2018-05-29 00:00:00,115.76
2018-05-30 00:00:00,115.59
2018-05-31 00:00:00,115.65
2018-06-01 00:00:00,115.57
2018-06-04 00:00:00,115.55
2018-06-05 00:00:00,115.74
2018-06-06 00:00:00,115.49
2018-06-07 00:00:00,115.63
2018-06-08 00:00:00,115.55
2018-06-11 00:00:00,115.59
2018-06-12 00:00:00,115.61
2018-06-13 00:00:00,115.57
2018-06-14 00:00:00,115.66
2018-06-15 00:00:00,115.65
2018-06-18 00:00:00,115.63
2018-06-19 00:00:00,115.63
2018-06-20 00:00:00,115.64
2018-06-21 00:00:00,115.74
2018-06-22 00:00:00,115.76
2018-06-25 00:00:00,115.85
2018-06-26 00:00:00,115.8
2018-06-27 00:00:00,115.89
2018-06-28 00:00:00,115.82
2018-06-29 00:00:00,116
2018-07-02 00:00:00,115.91
2018-07-03 00:00:00,116.11
2018-07-04 00:00:00,116.09
2018-07-05 00:00:00,116.28
2018-07-06 00:00:00,116.31
2018-07-09 00:00:00,116.53
2018-07-10 00:00:00,116.41
2018-07-11 00:00:00,116.37
2018-07-12 00:00:00,116.52
2018-07-13 00:00:00,116.81
2018-07-16 00:00:00,116.62
2018-07-17 00:00:00,116.71
2018-07-18 00:00:00,116.66
2018-07-19 00:00:00,116.76
2018-07-20 00:00:00,116.65
2018-07-23 00:00:00,116.52
2018-07-24 00:00:00,116.71
2018-07-25 00:00:00,116.76
2018-07-26 00:00:00,116.73
2018-07-27 00:00:00,116.77
2018-07-30 00:00:00,116.83
2018-07-31 00:00:00,116.83
2018-08-01 00:00:00,116.76
2018-08-02 00:00:00,116.75
2018-08-03 00:00:00,116.78
2018-08-06 00:00:00,116.87
2018-08-07 00:00:00,116.86
2018-08-08 00:00:00,116.9
2018-08-09 00:00:00,116.89
2018-08-10 00:00:00,116.98
2018-08-13 00:00:00,116.8
2018-08-14 00:00:00,116.79
2018-08-15 00:00:00,117
2018-08-16 00:00:00,116.89
2018-08-17 00:00:00,116.9
2018-08-20 00:00:00,117.11
2018-08-21 00:00:00,117.05
2018-08-22 00:00:00,117.08
2018-08-23 00:00:00,117.15
2018-08-24 00:00:00,117.15
2018-08-27 00:00:00,117.01
2018-08-28 00:00:00,117.1
2018-08-29 00:00:00,117.05
2018-08-30 00:00:00,117.12
2018-08-31 00:00:00,117.15
2018-09-03 00:00:00,117.09
2018-09-04 00:00:00,117.01
2018-09-05 00:00:00,117.13
2018-09-06 00:00:00,117.22
2018-09-07 00:00:00,117.13
2018-09-10 00:00:00,117.19
2018-09-11 00:00:00,117.09
2018-09-12 00:00:00,117.02
2018-09-13 00:00:00,117.03
2018-09-14 00:00:00,117
2018-09-17 00:00:00,117.04
2018-09-18 00:00:00,116.97
2018-09-19 00:00:00,116.85
2018-09-20 00:00:00,116.91
2018-09-21 00:00:00,116.96
2018-09-24 00:00:00,117.01
2018-09-25 00:00:00,116.86
2018-09-26 00:00:00,117.02
2018-09-27 00:00:00,117.13
2018-09-28 00:00:00,117.15
2018-10-01 00:00:00,117.22
2018-10-02 00:00:00,117.14
2018-10-03 00:00:00,117.19
2018-10-04 00:00:00,116.72
2018-10-05 00:00:00,116.69
2018-10-08 00:00:00,116.71
2018-10-09 00:00:00,116.7
2018-10-10 00:00:00,116.66
2018-10-11 00:00:00,116.74
2018-10-12 00:00:00,116.64
2018-10-15 00:00:00,116.51
2018-10-16 00:00:00,116.62
2018-10-17 00:00:00,116.67
2018-10-18 00:00:00,116.56
2018-10-19 00:00:00,116.4
2018-10-22 00:00:00,116.47
2018-10-23 00:00:00,116.56
2018-10-24 00:00:00,116.64
2018-10-25 00:00:00,116.58
2018-10-26 00:00:00,116.74
2018-10-29 00:00:00,116.76
2018-10-30 00:00:00,116.71
2018-10-31 00:00:00,116.65
2018-11-01 00:00:00,116.67
2018-11-02 00:00:00,116.44
2018-11-05 00:00:00,116.57
2018-11-06 00:00:00,116.56
2018-11-07 00:00:00,116.62
2018-11-08 00:00:00,116.55
2018-11-09 00:00:00,116.66
2018-11-12 00:00:00,116.66
2018-11-13 00:00:00,116.65
2018-11-14 00:00:00,116.64
2018-11-15 00:00:00,116.56
2018-11-16 00:00:00,116.67
2018-11-19 00:00:00,116.71
2018-11-20 00:00:00,116.58
2018-11-21 00:00:00,116.61
2018-11-22 00:00:00,116.59
2018-11-23 00:00:00,116.58
2018-11-26 00:00:00,116.57
2018-11-27 00:00:00,116.58
2018-11-28 00:00:00,116.62
2018-11-29 00:00:00,116.9
2018-11-30 00:00:00,116.88
2018-12-03 00:00:00,117.09
2018-12-04 00:00:00,117.21
2018-12-05 00:00:00,117.23
2018-12-06 00:00:00,117.38
2018-12-07 00:00:00,117.32
2018-12-10 00:00:00,117.55
2018-12-11 00:00:00,117.46
2018-12-12 00:00:00,117.41
2018-12-13 00:00:00,117.47
2018-12-14 00:00:00,117.54
2018-12-17 00:00:00,117.57
2018-12-18 00:00:00,117.57
2018-12-19 00:00:00,117.59
2018-12-20 00:00:00,117.56
2018-12-21 00:00:00,117.5
2018-12-24 00:00:00,117.54
2018-12-26 00:00:00,117.62
2018-12-27 00:00:00,117.47
2018-12-28 00:00:00,117.52
2018-12-31 00:00:00,117.6
2019-01-02 00:00:00,117.62
2019-01-03 00:00:00,117.88
2019-01-04 00:00:00,117.86
2019-01-07 00:00:00,118.04
2019-01-08 00:00:00,118.07
2019-01-09 00:00:00,118.07
2019-01-10 00:00:00,118.11
2019-01-11 00:00:00,118.17
2019-01-14 00:00:00,118.19
2019-01-15 00:00:00,118.21
2019-01-16 00:00:00,118.39
2019-01-17 00:00:00,118.37
2019-01-18 00:00:00,118.29
2019-01-21 00:00:00,118.41
2019-01-22 00:00:00,118.5
2019-01-23 00:00:00,118.59
2019-01-24 00:00:00,118.71
2019-01-25 00:00:00,118.68
2019-01-28 00:00:00,118.57
2019-01-29 00:00:00,118.68
2019-01-30 00:00:00,118.67
2019-01-31 00:00:00,119.23
2019-02-01 00:00:00,119.24
2019-02-04 00:00:00,119.27
2019-02-05 00:00:00,119.39
2019-02-06 00:00:00,119.45
2019-02-07 00:00:00,119.56
2019-02-08 00:00:00,119.56
2019-02-11 00:00:00,119.61
2019-02-12 00:00:00,119.61
2019-02-13 00:00:00,119.73
2019-02-14 00:00:00,119.77
2019-02-15 00:00:00,119.77
2019-02-18 00:00:00,119.79
2019-02-19 00:00:00,119.84
2019-02-20 00:00:00,119.92
2019-02-21 00:00:00,119.89
2019-02-22 00:00:00,120.08
2019-02-25 00:00:00,120.08
2019-02-26 00:00:00,120.21
2019-02-27 00:00:00,120.27
2019-02-28 00:00:00,120.21
2019-03-01 00:00:00,120.17
2019-03-04 00:00:00,120.3
2019-03-05 00:00:00,120.22
2019-03-06 00:00:00,120.28
2019-03-07 00:00:00,120.27
2019-03-08 00:00:00,120.31
2019-03-11 00:00:00,120.26
2019-03-12 00:00:00,120.46
2019-03-13 00:00:00,120.44
2019-03-14 00:00:00,120.44
2019-03-15 00:00:00,120.45
2019-03-18 00:00:00,120.62
2019-03-19 00:00:00,120.75
2019-03-20 00:00:00,120.88
2019-03-21 00:00:00,121.19
2019-03-22 00:00:00,121.31
2019-03-25 00:00:00,121.61
2019-03-26 00:00:00,121.56
2019-03-27 00:00:00,121.55
2019-03-28 00:00:00,121.61
2019-03-29 00:00:00,121.62
2019-04-01 00:00:00,121.4
2019-04-02 00:00:00,121.6
2019-04-03 00:00:00,121.59
2019-04-04 00:00:00,121.62
2019-04-05 00:00:00,121.7
2019-04-08 00:00:00,121.82
2019-04-09 00:00:00,122.13
2019-04-10 00:00:00,122.15
2019-04-11 00:00:00,122.04
2019-04-12 00:00:00,121.84
2019-04-15 00:00:00,121.94
2019-04-16 00:00:00,121.84
2019-04-17 00:00:00,121.94
2019-04-18 00:00:00,121.99
2019-04-19 00:00:00,122.01
2019-04-22 00:00:00,121.95
2019-04-23 00:00:00,122.04
2019-04-24 00:00:00,122.15
2019-04-25 00:00:00,122.12
2019-04-26 00:00:00,122.26
2019-04-29 00:00:00,122.29
2019-04-30 00:00:00,122.47
2019-05-01 00:00:00,122.59
2019-05-02 00:00:00,122.34
2019-05-03 00:00:00,122.48
2019-05-06 00:00:00,122.63
2019-05-07 00:00:00,122.7
2019-05-08 00:00:00,122.55
2019-05-09 00:00:00,122.57
2019-05-10 00:00:00,122.7
2019-05-13 00:00:00,122.87
2019-05-14 00:00:00,122.67
2019-05-15 00:00:00,122.79
2019-05-16 00:00:00,122.78
2019-05-17 00:00:00,122.77
2019-05-20 00:00:00,122.77
2019-05-21 00:00:00,122.82
2019-05-22 00:00:00,122.93
2019-05-23 00:00:00,123.12
2019-05-24 00:00:00,123.02
2019-05-27 00:00:00,123.1
2019-05-28 00:00:00,123.27
2019-05-29 00:00:00,123.35
2019-05-30 00:00:00,123.4
2019-05-31 00:00:00,123.6
2019-06-03 00:00:00,123.86
2019-06-04 00:00:00,123.61
2019-06-05 00:00:00,123.78
2019-06-06 00:00:00,123.95
2019-06-07 00:00:00,124.1
2019-06-10 00:00:00,124.16
2019-06-11 00:00:00,124.26
2019-06-12 00:00:00,124.33
2019-06-13 00:00:00,124.39
2019-06-14 00:00:00,124.45
2019-06-17 00:00:00,124.48
2019-06-18 00:00:00,124.54
2019-06-19 00:00:00,124.67
2019-06-20 00:00:00,125.18
2019-06-21 00:00:00,125.05
2019-06-24 00:00:00,125.18
2019-06-25 00:00:00,125.03
2019-06-26 00:00:00,125.11
2019-06-27 00:00:00,125.22
2019-06-28 00:00:00,125.28
2019-07-01 00:00:00,125.28
2019-07-02 00:00:00,125.62
2019-07-03 00:00:00,125.7
2019-07-04 00:00:00,125.81
2019-07-05 00:00:00,125.8
2019-07-08 00:00:00,125.73
2019-07-09 00:00:00,125.69
2019-07-10 00:00:00,125.72
2019-07-11 00:00:00,125.67
2019-07-12 00:00:00,125.74
2019-07-15 00:00:00,125.85
2019-07-16 00:00:00,126.05
2019-07-17 00:00:00,126.21
2019-07-18 00:00:00,126.17
2019-07-19 00:00:00,126.26
2019-07-22 00:00:00,126.32
2019-07-23 00:00:00,126.34
2019-07-24 00:00:00,126.44
2019-07-25 00:00:00,126.43
2019-07-26 00:00:00,126.53
2019-07-29 00:00:00,126.61
2019-07-30 00:00:00,126.59
2019-07-31 00:00:00,126.71
2019-08-01 00:00:00,126.62
2019-08-02 00:00:00,126.84
2019-08-05 00:00:00,127.13
2019-08-06 00:00:00,127.08
2019-08-07 00:00:00,127.3
2019-08-08 00:00:00,127.24
2019-08-09 00:00:00,127.42
2019-08-12 00:00:00,127.69
2019-08-13 00:00:00,127.65
2019-08-14 00:00:00,128.03
2019-08-15 00:00:00,128.41
2019-08-16 00:00:00,128.39
2019-08-19 00:00:00,128.41
2019-08-20 00:00:00,128.47
2019-08-21 00:00:00,128.68
2019-08-22 00:00:00,128.71
2019-08-23 00:00:00,129.07
2019-08-26 00:00:00,128.85
2019-08-27 00:00:00,129.2
2019-08-28 00:00:00,129.3
2019-08-29 00:00:00,129.35
2019-08-30 00:00:00,129.38
2019-09-02 00:00:00,129.54
2019-09-03 00:00:00,129.59
2019-09-04 00:00:00,129.79
2019-09-05 00:00:00,129.58
2019-09-06 00:00:00,129.59
2019-09-09 00:00:00,129.6
2019-09-10 00:00:00,129.35
2019-09-11 00:00:00,129.21
2019-09-12 00:00:00,129.12
2019-09-13 00:00:00,128.92
2019-09-16 00:00:00,128.95
2019-09-17 00:00:00,128.85
2019-09-18 00:00:00,128.86
2019-09-19 00:00:00,128.75
2019-09-20 00:00:00,128.83
2019-09-23 00:00:00,128.83
2019-09-24 00:00:00,128.94
2019-09-25 00:00:00,128.6
2019-09-26 00:00:00,128.64
2019-09-27 00:00:00,128.75
2019-09-30 00:00:00,128.73
2019-10-01 00:00:00,128.68
2019-10-02 00:00:00,128.87
2019-10-03 00:00:00,128.81
2019-10-04 00:00:00,128.85
2019-10-07 00:00:00,128.89
2019-10-08 00:00:00,128.79
2019-10-09 00:00:00,128.65
2019-10-10 00:00:00,128.61
2019-10-11 00:00:00,128.68
2019-10-14 00:00:00,128.64
2019-10-15 00:00:00,128.58
2019-10-16 00:00:00,128.74
2019-10-17 00:00:00,128.74
2019-10-18 00:00:00,128.75
2019-10-21 00:00:00,128.55
2019-10-22 00:00:00,128.52
2019-10-23 00:00:00,128.64
2019-10-24 00:00:00,128.7
2019-10-25 00:00:00,128.56
2019-10-28 00:00:00,128.64
2019-10-29 00:00:00,128.63
2019-10-30 00:00:00,128.54
2019-10-31 00:00:00,128.83
2019-11-01 00:00:00,128.63
2019-11-04 00:00:00,128.73
2019-11-05 00:00:00,128.52
2019-11-06 00:00:00,128.68
2019-11-07 00:00:00,128.23
2019-11-08 00:00:00,128.47
2019-11-11 00:00:00,128.52
2019-11-12 00:00:00,128.63
2019-11-13 00:00:00,128.49
2019-11-14 00:00:00,128.8
2019-11-15 00:00:00,128.72
2019-11-18 00:00:00,128.69
2019-11-19 00:00:00,128.82
2019-11-20 00:00:00,128.93
2019-11-21 00:00:00,128.81
2019-11-22 00:00:00,128.93
2019-11-25 00:00:00,128.99
2019-11-26 00:00:00,129.04
2019-11-27 00:00:00,129.1
2019-11-28 00:00:00,129.01
2019-11-29 00:00:00,129.15
2019-12-02 00:00:00,129.06
2019-12-03 00:00:00,129.17
2019-12-04 00:00:00,129.16
2019-12-05 00:00:00,129.27
2019-12-06 00:00:00,129.18
2019-12-09 00:00:00,129.26
2019-12-10 00:00:00,129.26
2019-12-11 00:00:00,129.46
2019-12-12 00:00:00,129.26
2019-12-13 00:00:00,129.55
2019-12-16 00:00:00,129.36
2019-12-17 00:00:00,129.52
2019-12-18 00:00:00,129.52
2019-12-19 00:00:00,129.78
2019-12-20 00:00:00,129.64
2019-12-23 00:00:00,129.55
2019-12-24 00:00:00,129.69
2019-12-26 00:00:00,129.7
2019-12-27 00:00:00,129.8
2019-12-30 00:00:00,129.71
2019-12-31 00:00:00,129.71
2020-01-02 00:00:00,129.64
2020-01-03 00:00:00,129.79
2020-01-06 00:00:00,129.6
2020-01-07 00:00:00,129.69
2020-01-08 00:00:00,129.56
2020-01-09 00:00:00,129.84
2020-01-10 00:00:00,129.93
2020-01-13 00:00:00,129.91
2020-01-14 00:00:00,129.95
2020-01-15 00:00:00,130.08
2020-01-16 00:00:00,130.13
2020-01-17 00:00:00,130.25
2020-01-20 00:00:00,130.31
2020-01-21 00:00:00,130.32
2020-01-22 00:00:00,130.38
2020-01-23 00:00:00,130.55
2020-01-24 00:00:00,130.65
2020-01-27 00:00:00,130.64
2020-01-28 00:00:00,130.67
2020-01-29 00:00:00,130.9
2020-01-30 00:00:00,131.21
2020-01-31 00:00:00,131.23
2020-02-03 00:00:00,131.36
2020-02-04 00:00:00,131.19
2020-02-05 00:00:00,131.13
2020-02-06 00:00:00,131.26
2020-02-07 00:00:00,131.42
2020-02-10 00:00:00,131.53
2020-02-11 00:00:00,131.44
2020-02-12 00:00:00,131.47
2020-02-13 00:00:00,131.54
2020-02-14 00:00:00,131.64
2020-02-17 00:00:00,131.62
2020-02-18 00:00:00,131.58
2020-02-19 00:00:00,131.6
2020-02-20 00:00:00,131.77
2020-02-21 00:00:00,131.85
2020-02-24 00:00:00,132.24
2020-02-25 00:00:00,132.29
2020-02-26 00:00:00,132.09
2020-02-27 00:00:00,131.67
2020-02-28 00:00:00,131.93
2020-03-02 00:00:00,132.07
2020-03-03 00:00:00,132.46
2020-03-04 00:00:00,132.63
2020-03-05 00:00:00,132.97
2020-03-06 00:00:00,133.24
2020-03-09 00:00:00,132.36
2020-03-10 00:00:00,131.5
2020-03-11 00:00:00,131.12
2020-03-12 00:00:00,129.84
2020-03-13 00:00:00,129.57
2020-03-16 00:00:00,128.82
2020-03-17 00:00:00,128.61
2020-03-18 00:00:00,127.12
2020-03-19 00:00:00,126.06
2020-03-20 00:00:00,125.1
2020-03-23 00:00:00,124.85
2020-03-24 00:00:00,124.24
2020-03-25 00:00:00,124.95
2020-03-26 00:00:00,124.9
2020-03-27 00:00:00,125.53
2020-03-30 00:00:00,125.1
2020-03-31 00:00:00,125.14
2020-04-01 00:00:00,125.2
2020-04-02 00:00:00,124.89
2020-04-03 00:00:00,125.6
2020-04-06 00:00:00,125.53
2020-04-07 00:00:00,125.6
2020-04-08 00:00:00,125.59
2020-04-09 00:00:00,125.56
2020-04-10 00:00:00,125.65
2020-04-13 00:00:00,125.45
2020-04-14 00:00:00,126.29
2020-04-15 00:00:00,126.3
2020-04-16 00:00:00,126.33
2020-04-17 00:00:00,126.56
2020-04-20 00:00:00,126.71
2020-04-21 00:00:00,126.6
2020-04-22 00:00:00,126.52
2020-04-23 00:00:00,127.02
2020-04-24 00:00:00,127.21
2020-04-27 00:00:00,127.48
2020-04-28 00:00:00,127.69
2020-04-29 00:00:00,128.06
2020-04-30 00:00:00,128.67
2020-05-01 00:00:00,129.08
2020-05-04 00:00:00,129.11
2020-05-05 00:00:00,129.58
2020-05-06 00:00:00,129.75
2020-05-07 00:00:00,130.09
2020-05-08 00:00:00,130
2020-05-11 00:00:00,130.25
2020-05-12 00:00:00,130.49
2020-05-13 00:00:00,130.48
2020-05-14 00:00:00,130.47
2020-05-15 00:00:00,130.52
2020-05-18 00:00:00,130.71
2020-05-19 00:00:00,130.89
2020-05-20 00:00:00,131.15
2020-05-21 00:00:00,131.56
2020-05-22 00:00:00,131.49
2020-05-25 00:00:00,131.48
2020-05-26 00:00:00,131.55
2020-05-27 00:00:00,131.84
2020-05-28 00:00:00,131.73
2020-05-29 00:00:00,131.8
2020-06-01 00:00:00,131.76
2020-06-02 00:00:00,131.86
2020-06-03 00:00:00,131.84
2020-06-04 00:00:00,132.1
2020-06-05 00:00:00,131.98
2020-06-08 00:00:00,132.23
2020-06-09 00:00:00,132.43
2020-06-10 00:00:00,132.62
2020-06-11 00:00:00,132.59
2020-06-12 00:00:00,132.59
2020-06-15 00:00:00,132.4
2020-06-16 00:00:00,132.76
2020-06-17 00:00:00,132.75
2020-06-18 00:00:00,132.76
2020-06-19 00:00:00,132.98
2020-06-22 00:00:00,133.08
2020-06-23 00:00:00,133.14
2020-06-24 00:00:00,133.29
2020-06-25 00:00:00,133.2
2020-06-26 00:00:00,133.36
2020-06-29 00:00:00,133.41
2020-06-30 00:00:00,133.38
2020-07-01 00:00:00,133.47
2020-07-02 00:00:00,133.82
2020-07-03 00:00:00,133.94
2020-07-06 00:00:00,134.15
2020-07-07 00:00:00,134.31
2020-07-08 00:00:00,134.2
2020-07-09 00:00:00,134.36
2020-07-10 00:00:00,134.26
2020-07-13 00:00:00,134.26
2020-07-14 00:00:00,134.31
2020-07-15 00:00:00,134.37
2020-07-16 00:00:00,134.44
2020-07-17 00:00:00,134.46
2020-07-20 00:00:00,134.63
2020-07-21 00:00:00,134.82
2020-07-22 00:00:00,135.04
2020-07-23 00:00:00,135.32
2020-07-24 00:00:00,135.34
2020-07-27 00:00:00,135.41
2020-07-28 00:00:00,135.45
2020-07-29 00:00:00,135.58
2020-07-30 00:00:00,135.65
2020-07-31 00:00:00,135.89
2020-08-03 00:00:00,135.94
2020-08-04 00:00:00,136.05
2020-08-05 00:00:00,136.23
2020-08-06 00:00:00,136.47
2020-08-07 00:00:00,136.49
2020-08-10 00:00:00,136.57
2020-08-11 00:00:00,136.48
2020-08-12 00:00:00,136.4
2020-08-13 00:00:00,136.43
2020-08-14 00:00:00,136.41
2020-08-17 00:00:00,136.46
2020-08-18 00:00:00,136.4
2020-08-19 00:00:00,136.39
2020-08-20 00:00:00,136.45
2020-08-21 00:00:00,136.43
2020-08-24 00:00:00,136.44
2020-08-25 00:00:00,136.49
2020-08-26 00:00:00,136.45
2020-08-27 00:00:00,136.3
2020-08-28 00:00:00,136.37
2020-08-31 00:00:00,136.46
2020-09-01 00:00:00,136.57
2020-09-02 00:00:00,136.79
2020-09-03 00:00:00,136.87
2020-09-04 00:00:00,136.81
2020-09-07 00:00:00,136.78
2020-09-08 00:00:00,136.93
2020-09-09 00:00:00,136.82
2020-09-10 00:00:00,136.79
2020-09-11 00:00:00,136.85
2020-09-14 00:00:00,136.78
2020-09-15 00:00:00,136.83
2020-09-16 00:00:00,136.8
2020-09-17 00:00:00,136.81
2020-09-18 00:00:00,136.71
2020-09-21 00:00:00,136.63
2020-09-22 00:00:00,136.48
2020-09-23 00:00:00,136.35
2020-09-24 00:00:00,136.22
2020-09-25 00:00:00,136.18
2020-09-28 00:00:00,136.26
2020-09-29 00:00:00,136.38
2020-09-30 00:00:00,136.31
2020-10-01 00:00:00,136.57
2020-10-02 00:00:00,136.52
2020-10-05 00:00:00,136.54
2020-10-06 00:00:00,136.63
2020-10-07 00:00:00,136.82
2020-10-08 00:00:00,136.99
2020-10-09 00:00:00,137.12
2020-10-12 00:00:00,137.32
2020-10-13 00:00:00,137.45
2020-10-14 00:00:00,137.46
2020-10-15 00:00:00,137.41
2020-10-16 00:00:00,137.46
2020-10-19 00:00:00,137.5
2020-10-20 00:00:00,137.49
2020-10-21 00:00:00,137.36
2020-10-22 00:00:00,137.18
2020-10-23 00:00:00,137.21
2020-10-26 00:00:00,137.24
2020-10-27 00:00:00,137.24
2020-10-28 00:00:00,137.18
2020-10-29 00:00:00,137.03
2020-10-30 00:00:00,136.94
2020-11-02 00:00:00,136.92
2020-11-03 00:00:00,136.84
2020-11-04 00:00:00,137.1
2020-11-05 00:00:00,137.28
2020-11-06 00:00:00,137.35
2020-11-09 00:00:00,137.47
2020-11-10 00:00:00,137.56
2020-11-11 00:00:00,137.57
2020-11-12 00:00:00,137.65
2020-11-13 00:00:00,137.64
2020-11-16 00:00:00,137.6
2020-11-17 00:00:00,137.77
2020-11-18 00:00:00,137.73
2020-11-19 00:00:00,137.87
2020-11-20 00:00:00,137.92
2020-11-23 00:00:00,137.94
2020-11-24 00:00:00,137.86
2020-11-25 00:00:00,137.93
2020-11-26 00:00:00,137.99
2020-11-27 00:00:00,137.94
2020-11-30 00:00:00,138.02
2020-12-01 00:00:00,137.88
2020-12-02 00:00:00,138.02
2020-12-03 00:00:00,138.24
2020-12-04 00:00:00,138.15
2020-12-07 00:00:00,138.3
2020-12-08 00:00:00,138.41
2020-12-09 00:00:00,138.39
2020-12-10 00:00:00,138.38
2020-12-11 00:00:00,138.43
2020-12-14 00:00:00,138.62
2020-12-15 00:00:00,138.51
2020-12-16 00:00:00,138.64
2020-12-17 00:00:00,138.67
2020-12-18 00:00:00,138.74
2020-12-21 00:00:00,138.71
2020-12-22 00:00:00,138.81
2020-12-23 00:00:00,138.69
2020-12-24 00:00:00,138.85
2020-12-28 00:00:00,138.82
2020-12-29 00:00:00,138.95
2020-12-30 00:00:00,138.93
2020-12-31 00:00:00,138.97
2021-01-04 00:00:00,138.99
2021-01-05 00:00:00,139.03
2021-01-06 00:00:00,138.85
2021-01-07 00:00:00,138.82
2021-01-08 00:00:00,138.74
2021-01-11 00:00:00,138.82
2021-01-12 00:00:00,138.7
2021-01-13 00:00:00,138.74
2021-01-14 00:00:00,138.88
2021-01-15 00:00:00,138.83
2021-01-18 00:00:00,138.86
2021-01-19 00:00:00,138.94
2021-01-20 00:00:00,138.96
2021-01-21 00:00:00,139
2021-01-22 00:00:00,138.97
2021-01-25 00:00:00,139.18
2021-01-26 00:00:00,139.13
2021-01-27 00:00:00,139.21
2021-01-28 00:00:00,139.17
2021-01-29 00:00:00,139.26
2021-02-01 00:00:00,139.35
2021-02-02 00:00:00,139.32
2021-02-03 00:00:00,139.42
2021-02-04 00:00:00,139.48
2021-02-05 00:00:00,139.58
2021-02-08 00:00:00,139.7
2021-02-09 00:00:00,139.71
2021-02-10 00:00:00,139.72
2021-02-11 00:00:00,139.66
2021-02-12 00:00:00,139.67
2021-02-15 00:00:00,139.64
2021-02-16 00:00:00,139.42
2021-02-17 00:00:00,139.48
2021-02-18 00:00:00,139.47
2021-02-19 00:00:00,139.42
2021-02-22 00:00:00,139.28
2021-02-23 00:00:00,139.25
2021-02-24 00:00:00,139.17
2021-02-25 00:00:00,138.85
2021-02-26 00:00:00,138.78
2021-03-01 00:00:00,138.83
2021-03-02 00:00:00,138.99
2021-03-03 00:00:00,138.79
2021-03-04 00:00:00,138.7
2021-03-05 00:00:00,138.48
2021-03-08 00:00:00,138.15
2021-03-09 00:00:00,138.02
2021-03-10 00:00:00,138.12
2021-03-11 00:00:00,138.09
2021-03-12 00:00:00,137.84
2021-03-15 00:00:00,138.04
2021-03-16 00:00:00,138.04
2021-03-17 00:00:00,138.05
2021-03-18 00:00:00,138.06
2021-03-19 00:00:00,138.11
2021-03-22 00:00:00,138.1
2021-03-23 00:00:00,138.14
2021-03-24 00:00:00,138.16
2021-03-25 00:00:00,138.15
2021-03-26 00:00:00,138.24
2021-03-29 00:00:00,138.08
2021-03-30 00:00:00,138.12
2021-03-31 00:00:00,138.09
2021-04-01 00:00:00,138.2
2021-04-02 00:00:00,137.96
2021-04-05 00:00:00,138.17
2021-04-06 00:00:00,138.32
2021-04-07 00:00:00,138.38
2021-04-08 00:00:00,138.44
2021-04-09 00:00:00,138.43
2021-04-12 00:00:00,138.42
2021-04-13 00:00:00,138.5
2021-04-14 00:00:00,138.48
2021-04-15 00:00:00,138.82
2021-04-16 00:00:00,138.75
2021-04-19 00:00:00,138.93
2021-04-20 00:00:00,139.08
2021-04-21 00:00:00,138.92
2021-04-22 00:00:00,139.08
2021-04-23 00:00:00,138.95
2021-04-26 00:00:00,139.14
2021-04-27 00:00:00,139.05
2021-04-28 00:00:00,139.03
2021-04-29 00:00:00,139.02
2021-04-30 00:00:00,139.08
2021-05-03 00:00:00,139.26
2021-05-04 00:00:00,139.18
2021-05-05 00:00:00,139.23
2021-05-06 00:00:00,139.31
2021-05-07 00:00:00,139.39
2021-05-10 00:00:00,139.42
2021-05-11 00:00:00,139.3
2021-05-12 00:00:00,139.15
2021-05-13 00:00:00,139.35
2021-05-14 00:00:00,139.28
2021-05-17 00:00:00,139.4
2021-05-18 00:00:00,139.45
2021-05-19 00:00:00,139.54
2021-05-20 00:00:00,139.54
2021-05-21 00:00:00,139.51
2021-05-24 00:00:00,139.65
2021-05-25 00:00:00,139.72
2021-05-26 00:00:00,139.76
2021-05-27 00:00:00,139.71
2021-05-28 00:00:00,139.85
2021-05-31 00:00:00,139.85
2021-06-01 00:00:00,139.83
2021-06-02 00:00:00,139.84
2021-06-03 00:00:00,139.81
2021-06-04 00:00:00,139.98
2021-06-07 00:00:00,139.98
2021-06-08 00:00:00,140.03
2021-06-09 00:00:00,140.12
2021-06-10 00:00:00,140.27
2021-06-11 00:00:00,140.22
2021-06-14 00:00:00,140.22
2021-06-15 00:00:00,140.22
2021-06-16 00:00:00,140.25
2021-06-17 00:00:00,140.11
2021-06-18 00:00:00,140.12
2021-06-21 00:00:00,140.25
2021-06-22 00:00:00,140.3
2021-06-23 00:00:00,140.22
2021-06-24 00:00:00,140.3
2021-06-25 00:00:00,140.15
2021-06-28 00:00:00,140.3
2021-06-29 00:00:00,140.31
2021-06-30 00:00:00,140.33
2021-07-01 00:00:00,140.2
2021-07-02 00:00:00,140.25
2021-07-05 00:00:00,140.34
2021-07-06 00:00:00,140.5
2021-07-07 00:00:00,140.29
2021-07-08 00:00:00,140.33
2021-07-09 00:00:00,140.24
2021-07-12 00:00:00,140.24
2021-07-13 00:00:00,140.34
2021-07-14 00:00:00,140.42
2021-07-15 00:00:00,140.39
2021-07-16 00:00:00,140.44
2021-07-19 00:00:00,140.68
2021-07-20 00:00:00,140.48
2021-07-21 00:00:00,140.38
2021-07-22 00:00:00,140.69
2021-07-23 00:00:00,140.66
2021-07-26 00:00:00,140.59
2021-07-27 00:00:00,140.7
2021-07-28 00:00:00,140.64
2021-07-29 00:00:00,140.67
2021-07-30 00:00:00,140.7
2021-08-02 00:00:00,140.87
2021-08-03 00:00:00,140.83
2021-08-04 00:00:00,140.6
2021-08-05 00:00:00,140.67
2021-08-06 00:00:00,140.71
2021-08-09 00:00:00,140.65
2021-08-10 00:00:00,140.67
2021-08-11 00:00:00,140.76
2021-08-12 00:00:00,140.69
2021-08-13 00:00:00,140.83
2021-08-16 00:00:00,140.93
2021-08-17 00:00:00,140.76
2021-08-18 00:00:00,140.78
2021-08-19 00:00:00,140.84
2021-08-20 00:00:00,140.85
2021-08-23 00:00:00,140.96
2021-08-24 00:00:00,140.88
2021-08-25 00:00:00,140.84
2021-08-26 00:00:00,140.85
2021-08-27 00:00:00,140.96
2021-08-30 00:00:00,140.96
2021-08-31 00:00:00,140.93
2021-09-01 00:00:00,140.93
2021-09-02 00:00:00,141.02
2021-09-03 00:00:00,140.98
2021-09-06 00:00:00,141.11
2021-09-07 00:00:00,141.03
2021-09-08 00:00:00,141.05
2021-09-09 00:00:00,141.17
2021-09-10 00:00:00,141.14
2021-09-13 00:00:00,141.25
2021-09-14 00:00:00,141.38
2021-09-15 00:00:00,141.21
2021-09-16 00:00:00,141.31
2021-09-17 00:00:00,141.29
2021-09-20 00:00:00,141.28
2021-09-21 00:00:00,141.4
2021-09-22 00:00:00,141.3
2021-09-23 00:00:00,141.03
2021-09-24 00:00:00,141.08
2021-09-27 00:00:00,141.02
2021-09-28 00:00:00,140.88
2021-09-29 00:00:00,140.78
2021-09-30 00:00:00,140.81
2021-10-01 00:00:00,140.77
2021-10-04 00:00:00,140.78
2021-10-05 00:00:00,140.68
2021-10-06 00:00:00,140.68
2021-10-07 00:00:00,140.58
2021-10-08 00:00:00,140.46
2021-10-11 00:00:00,140.57
2021-10-12 00:00:00,140.41
2021-10-13 00:00:00,140.54
2021-10-14 00:00:00,140.59
2021-10-15 00:00:00,140.42
2021-10-18 00:00:00,140.5
2021-10-19 00:00:00,140.4
2021-10-20 00:00:00,140.34
2021-10-21 00:00:00,140.3
2021-10-22 00:00:00,140.44
2021-10-25 00:00:00,140.46
2021-10-26 00:00:00,140.33
2021-10-27 00:00:00,140.37
2021-10-28 00:00:00,140.43
2021-10-29 00:00:00,140.46
2021-11-01 00:00:00,140.48
2021-11-02 00:00:00,140.53
2021-11-03 00:00:00,140.32
2021-11-04 00:00:00,140.69
2021-11-05 00:00:00,140.82
2021-11-08 00:00:00,140.76
2021-11-09 00:00:00,140.8
2021-11-10 00:00:00,140.49
2021-11-11 00:00:00,140.57
2021-11-12 00:00:00,140.59
2021-11-15 00:00:00,140.34
2021-11-16 00:00:00,140.5
2021-11-17 00:00:00,140.52
2021-11-18 00:00:00,140.6
2021-11-19 00:00:00,140.51
2021-11-22 00:00:00,140.37
2021-11-23 00:00:00,140.3
2021-11-24 00:00:00,140.07
2021-11-25 00:00:00,140.26
2021-11-26 00:00:00,140.6
2021-11-29 00:00:00,140.41
2021-11-30 00:00:00,140.06
2021-12-01 00:00:00,140.23
2021-12-02 00:00:00,140.29
2021-12-03 00:00:00,140.53
2021-12-06 00:00:00,140.39
2021-12-07 00:00:00,140.39
2021-12-08 00:00:00,140.3
2021-12-09 00:00:00,140.41
2021-12-10 00:00:00,140.66
2021-12-13 00:00:00,140.62
2021-12-14 00:00:00,140.58
2021-12-15 00:00:00,140.61
2021-12-16 00:00:00,140.7
2021-12-17 00:00:00,140.61
2021-12-20 00:00:00,140.72
2021-12-21 00:00:00,140.53
2021-12-22 00:00:00,140.6
2021-12-23 00:00:00,140.59
2021-12-24 00:00:00,140.59
2021-12-27 00:00:00,140.48
2021-12-28 00:00:00,140.48
2021-12-29 00:00:00,140.47
2021-12-30 00:00:00,140.6
2021-12-31 00:00:00,140.85
2022-01-03 00:00:00,140.42
2022-01-04 00:00:00,140.4
2022-01-05 00:00:00,140.19
2022-01-06 00:00:00,139.85
2022-01-07 00:00:00,139.68
2022-01-10 00:00:00,139.6
2022-01-11 00:00:00,139.59
2022-01-12 00:00:00,139.61
2022-01-13 00:00:00,139.67
2022-01-14 00:00:00,139.38
2022-01-17 00:00:00,139.3
2022-01-18 00:00:00,138.98
2022-01-19 00:00:00,138.94
2022-01-20 00:00:00,138.87
2022-01-21 00:00:00,139.1
2022-01-24 00:00:00,139.07
2022-01-25 00:00:00,138.99
2022-01-26 00:00:00,138.89
2022-01-27 00:00:00,138.65
2022-01-28 00:00:00,138.89
2022-01-31 00:00:00,138.8
2022-02-01 00:00:00,138.53
2022-02-02 00:00:00,138.85
2022-02-03 00:00:00,138.7
2022-02-04 00:00:00,138.16
2022-02-07 00:00:00,138.27
2022-02-08 00:00:00,138.18
2022-02-09 00:00:00,138.18
2022-02-10 00:00:00,137.64
2022-02-11 00:00:00,137.73
2022-02-14 00:00:00,137.66
2022-02-15 00:00:00,137.66
2022-02-16 00:00:00,137.64
2022-02-17 00:00:00,137.82
2022-02-18 00:00:00,137.78
2022-02-21 00:00:00,137.84
2022-02-22 00:00:00,137.84
2022-02-23 00:00:00,137.77
2022-02-24 00:00:00,137.47
2022-02-25 00:00:00,137.55
2022-02-28 00:00:00,137.64
2022-03-01 00:00:00,137.95
2022-03-02 00:00:00,137.6
2022-03-03 00:00:00,137.84
2022-03-04 00:00:00,137.89
2022-03-07 00:00:00,137.81
2022-03-08 00:00:00,137.61
2022-03-09 00:00:00,137.46
2022-03-10 00:00:00,137.29
2022-03-11 00:00:00,137.1
2022-03-14 00:00:00,136.83
2022-03-15 00:00:00,136.69
2022-03-16 00:00:00,136.56
2022-03-17 00:00:00,136.52
2022-03-18 00:00:00,136.44
2022-03-21 00:00:00,136.36
2022-03-22 00:00:00,135.79
2022-03-23 00:00:00,135.62
2022-03-24 00:00:00,135.75
2022-03-25 00:00:00,135.31
2022-03-28 00:00:00,135.02
2022-03-29 00:00:00,134.82
2022-03-30 00:00:00,135.13
2022-03-31 00:00:00,135.36
2022-04-01 00:00:00,135.05
2022-04-04 00:00:00,135.1
2022-04-05 00:00:00,134.9
2022-04-06 00:00:00,134.84
2022-04-07 00:00:00,134.78
2022-04-08 00:00:00,134.38
2022-04-11 00:00:00,134.04
2022-04-12 00:00:00,133.84
2022-04-13 00:00:00,133.99
2022-04-14 00:00:00,133.66
2022-04-15 00:00:00,133.66
2022-04-18 00:00:00,133.35
2022-04-19 00:00:00,133.49
2022-04-20 00:00:00,133.26
2022-04-21 00:00:00,133.22
2022-04-22 00:00:00,132.97
2022-04-25 00:00:00,133.3
2022-04-26 00:00:00,133.22
2022-04-27 00:00:00,133.14
2022-04-28 00:00:00,132.92
2022-04-29 00:00:00,132.73
2022-05-02 00:00:00,132.36
2022-05-03 00:00:00,132.28
2022-05-04 00:00:00,132.16
2022-05-05 00:00:00,131.97
2022-05-06 00:00:00,131.67
2022-05-09 00:00:00,131.72
2022-05-10 00:00:00,131.43
2022-05-11 00:00:00,131.48
2022-05-12 00:00:00,131.64
2022-05-13 00:00:00,131.7
2022-05-16 00:00:00,131.84
2022-05-17 00:00:00,131.63
2022-05-18 00:00:00,131.8
2022-05-19 00:00:00,131.86
2022-05-20 00:00:00,132.06
2022-05-23 00:00:00,131.89
2022-05-24 00:00:00,132.14
2022-05-25 00:00:00,132.46
2022-05-26 00:00:00,132.51
2022-05-27 00:00:00,132.71
2022-05-30 00:00:00,132.69
2022-05-31 00:00:00,132.82
2022-06-01 00:00:00,132.73
2022-06-02 00:00:00,132.51
2022-06-03 00:00:00,132.37
2022-06-06 00:00:00,132.42
2022-06-07 00:00:00,132.74
2022-06-08 00:00:00,132.61
2022-06-09 00:00:00,132.42
2022-06-10 00:00:00,132.02
2022-06-13 00:00:00,131.17
2022-06-14 00:00:00,130.81
2022-06-15 00:00:00,130.71
2022-06-16 00:00:00,131.04
2022-06-17 00:00:00,131.07
2022-06-20 00:00:00,131.08
2022-06-21 00:00:00,130.93
2022-06-22 00:00:00,131.11
2022-06-23 00:00:00,131.32
2022-06-24 00:00:00,131.26
2022-06-27 00:00:00,131.27
2022-06-28 00:00:00,131.25
2022-06-29 00:00:00,131.53
2022-06-30 00:00:00,131.42
2022-07-01 00:00:00,131.56
2022-07-04 00:00:00,131.54
2022-07-05 00:00:00,132.08
2022-07-06 00:00:00,132.02
2022-07-07 00:00:00,131.87
2022-07-08 00:00:00,131.88
2022-07-11 00:00:00,132.1
2022-07-12 00:00:00,132
2022-07-13 00:00:00,132.19
2022-07-14 00:00:00,131.94
2022-07-15 00:00:00,131.86
2022-07-18 00:00:00,131.77
2022-07-19 00:00:00,131.9
2022-07-20 00:00:00,131.75
2022-07-21 00:00:00,132.01
2022-07-22 00:00:00,132.03
2022-07-25 00:00:00,132
2022-07-26 00:00:00,132.1
2022-07-27 00:00:00,132.23
2022-07-28 00:00:00,132.35
2022-07-29 00:00:00,133.03
2022-08-01 00:00:00,133
2022-08-02 00:00:00,132.76
2022-08-03 00:00:00,132.96
2022-08-04 00:00:00,133.14
2022-08-05 00:00:00,132.93
2022-08-08 00:00:00,133.16
2022-08-09 00:00:00,133.22
2022-08-10 00:00:00,133.11
2022-08-11 00:00:00,133.19
2022-08-12 00:00:00,133.16
2022-08-15 00:00:00,133.34
2022-08-16 00:00:00,133.36
2022-08-17 00:00:00,133.3
2022-08-18 00:00:00,133.47
2022-08-19 00:00:00,133.11
2022-08-22 00:00:00,133.06
2022-08-23 00:00:00,133.3
2022-08-24 00:00:00,133.12
2022-08-25 00:00:00,133.22
2022-08-26 00:00:00,133.18
2022-08-29 00:00:00,133.07
2022-08-30 00:00:00,132.92
2022-08-31 00:00:00,132.86
2022-09-01 00:00:00,132.57
2022-09-02 00:00:00,132.54
2022-09-05 00:00:00,132.57
2022-09-06 00:00:00,132.28
2022-09-07 00:00:00,132.13
2022-09-08 00:00:00,132.18
2022-09-09 00:00:00,132.11
2022-09-12 00:00:00,132.26
2022-09-13 00:00:00,132.08
2022-09-14 00:00:00,132.03
2022-09-15 00:00:00,131.69
2022-09-16 00:00:00,131.55
2022-09-19 00:00:00,131.38
2022-09-20 00:00:00,131.22
2022-09-21 00:00:00,131.07
2022-09-22 00:00:00,130.5
2022-09-23 00:00:00,130.33
2022-09-26 00:00:00,129.75
2022-09-27 00:00:00,129.04
2022-09-28 00:00:00,129.21
2022-09-29 00:00:00,128.74
2022-09-30 00:00:00,128.5
2022-10-03 00:00:00,128.97
2022-10-04 00:00:00,128.65
2022-10-05 00:00:00,128.46
2022-10-06 00:00:00,128.4
2022-10-07 00:00:00,128.32
2022-10-10 00:00:00,128.24
2022-10-11 00:00:00,128.13
2022-10-12 00:00:00,127.74
2022-10-13 00:00:00,127.1
2022-10-14 00:00:00,126.93
2022-10-17 00:00:00,127.08
2022-10-18 00:00:00,126.97
2022-10-19 00:00:00,126.75
2022-10-20 00:00:00,126.55
2022-10-21 00:00:00,125.87
2022-10-24 00:00:00,126.15
2022-10-25 00:00:00,126.02
2022-10-26 00:00:00,126.27
2022-10-27 00:00:00,126.66
2022-10-28 00:00:00,126.63
2022-10-31 00:00:00,126.79
2022-11-01 00:00:00,126.37
2022-11-02 00:00:00,126.8
2022-11-03 00:00:00,126.47
2022-11-04 00:00:00,126.29
2022-11-07 00:00:00,126.56
2022-11-08 00:00:00,126.71
2022-11-09 00:00:00,126.9
2022-11-10 00:00:00,127.47
2022-11-11 00:00:00,127.87
2022-11-14 00:00:00,128.01
2022-11-15 00:00:00,128.26
2022-11-16 00:00:00,128.7
2022-11-17 00:00:00,128.61
2022-11-18 00:00:00,128.67
2022-11-21 00:00:00,128.72
2022-11-22 00:00:00,128.85
2022-11-23 00:00:00,128.99
2022-11-24 00:00:00,129.06
2022-11-25 00:00:00,129.46
2022-11-28 00:00:00,129.6
2022-11-29 00:00:00,129.75
2022-11-30 00:00:00,129.6
2022-12-01 00:00:00,130.45
2022-12-02 00:00:00,130.64
2022-12-05 00:00:00,130.62
2022-12-06 00:00:00,130.7
2022-12-07 00:00:00,130.89
2022-12-08 00:00:00,130.97
2022-12-09 00:00:00,130.85
2022-12-12 00:00:00,130.89
2022-12-13 00:00:00,131.19
2022-12-14 00:00:00,131.57
2022-12-15 00:00:00,131.54
2022-12-16 00:00:00,131.47
2022-12-19 00:00:00,131.34
2022-12-20 00:00:00,131.13
2022-12-21 00:00:00,131.03
2022-12-22 00:00:00,131.24
2022-12-23 00:00:00,131.16
2022-12-26 00:00:00,131.09
2022-12-27 00:00:00,130.94
2022-12-28 00:00:00,130.8
2022-12-29 00:00:00,130.91
2022-12-30 00:00:00,130.73
2023-01-02 00:00:00,130.99
2023-01-03 00:00:00,130.73
2023-01-04 00:00:00,130.95
2023-01-05 00:00:00,130.86
2023-01-06 00:00:00,131.6
2023-01-09 00:00:00,131.52
2023-01-10 00:00:00,131.22
2023-01-11 00:00:00,131.3
2023-01-12 00:00:00,131.49
2023-01-13 00:00:00,131.5
2023-01-16 00:00:00,131.29
2023-01-17 00:00:00,131.92
2023-01-18 00:00:00,132.26
2023-01-19 00:00:00,132.61
2023-01-20 00:00:00,132.45
2023-01-23 00:00:00,132.64
2023-01-24 00:00:00,132.68
2023-01-25 00:00:00,132.53
2023-01-26 00:00:00,132.72
2023-01-27 00:00:00,132.73
2023-01-30 00:00:00,132.73
2023-01-31 00:00:00,132.85
2023-02-01 00:00:00,132.98
2023-02-02 00:00:00,133.52
2023-02-03 00:00:00,133.08
2023-02-06 00:00:00,133.02
2023-02-07 00:00:00,132.85
2023-02-08 00:00:00,132.69
2023-02-09 00:00:00,132.62
2023-02-10 00:00:00,132.36
2023-02-13 00:00:00,132.26
2023-02-14 00:00:00,132.14
2023-02-15 00:00:00,132.06
2023-02-16 00:00:00,132.07
2023-02-17 00:00:00,132.05
2023-02-20 00:00:00,132.24
2023-02-21 00:00:00,131.69
2023-02-22 00:00:00,131.7
2023-02-23 00:00:00,131.7
2023-02-24 00:00:00,131.57
2023-02-27 00:00:00,131.75
2023-02-28 00:00:00,131.71
2023-03-01 00:00:00,131.34
2023-03-02 00:00:00,131.2
2023-03-03 00:00:00,131.11
2023-03-06 00:00:00,131.21
2023-03-07 00:00:00,131.24
2023-03-08 00:00:00,131.34
2023-03-09 00:00:00,131.31
2023-03-10 00:00:00,131.63
2023-03-13 00:00:00,132.31
2023-03-14 00:00:00,132.19
2023-03-15 00:00:00,132.63
2023-03-16 00:00:00,132.38
2023-03-17 00:00:00,132.88
2023-03-20 00:00:00,132.36
2023-03-21 00:00:00,132.63
2023-03-22 00:00:00,132.59
2023-03-23 00:00:00,133.17
2023-03-24 00:00:00,133.2
2023-03-27 00:00:00,133.49
2023-03-28 00:00:00,133.22
2023-03-29 00:00:00,133.28
2023-03-30 00:00:00,133.06
2023-03-31 00:00:00,133.11
2023-04-03 00:00:00,133.38
2023-04-04 00:00:00,133.87
2023-04-05 00:00:00,134.13
2023-04-06 00:00:00,134.04
2023-04-07 00:00:00,133.41
2023-04-10 00:00:00,133.52
2023-04-11 00:00:00,133.88
2023-04-12 00:00:00,134.14
2023-04-13 00:00:00,134.15
2023-04-14 00:00:00,133.85
2023-04-17 00:00:00,133.69
2023-04-18 00:00:00,133.91
2023-04-19 00:00:00,133.64
2023-04-20 00:00:00,133.82
2023-04-21 00:00:00,133.61
2023-04-24 00:00:00,133.95
2023-04-25 00:00:00,134.16
2023-04-26 00:00:00,134.33
2023-04-27 00:00:00,134.16
2023-04-28 00:00:00,134.37
2023-05-01 00:00:00,134.16
2023-05-02 00:00:00,134.73
2023-05-03 00:00:00,134.52
2023-05-04 00:00:00,134.75
2023-05-05 00:00:00,134.68
2023-05-08 00:00:00,134.61
2023-05-09 00:00:00,134.49
2023-05-10 00:00:00,134.69
2023-05-11 00:00:00,134.76
2023-05-12 00:00:00,134.75
2023-05-15 00:00:00,134.77
2023-05-16 00:00:00,134.51
2023-05-17 00:00:00,134.47
2023-05-18 00:00:00,134.15
2023-05-19 00:00:00,134.1
2023-05-22 00:00:00,134
2023-05-23 00:00:00,133.95
2023-05-24 00:00:00,133.91
2023-05-25 00:00:00,133.64
2023-05-26 00:00:00,133.23
2023-05-29 00:00:00,133.51
2023-05-30 00:00:00,133.74
2023-05-31 00:00:00,133.88
2023-06-01 00:00:00,134.04
2023-06-02 00:00:00,133.93
2023-06-05 00:00:00,133.94
2023-06-06 00:00:00,133.64
2023-06-07 00:00:00,133.5
2023-06-08 00:00:00,133.7
2023-06-09 00:00:00,133.58
2023-06-12 00:00:00,133.55
2023-06-13 00:00:00,133.57
2023-06-14 00:00:00,133.55
2023-06-15 00:00:00,133.4
2023-06-16 00:00:00,133.52
2023-06-19 00:00:00,133.54
2023-06-20 00:00:00,133.58
2023-06-21 00:00:00,133.49
2023-06-22 00:00:00,133.55
2023-06-23 00:00:00,133.66
2023-06-26 00:00:00,133.84
2023-06-27 00:00:00,133.68
2023-06-28 00:00:00,133.72
2023-06-29 00:00:00,133.38
2023-06-30 00:00:00,133.28
2023-07-03 00:00:00,133.36
2023-07-04 00:00:00,133.3
2023-07-05 00:00:00,133.3
2023-07-06 00:00:00,132.54
2023-07-07 00:00:00,132.59
2023-07-10 00:00:00,132.59
2023-07-11 00:00:00,132.71
2023-07-12 00:00:00,133.06
2023-07-13 00:00:00,133.32
2023-07-14 00:00:00,133.56
2023-07-17 00:00:00,133.52
2023-07-18 00:00:00,133.77
2023-07-19 00:00:00,133.74
2023-07-20 00:00:00,133.58
2023-07-21 00:00:00,133.63
2023-07-24 00:00:00,133.72
2023-07-25 00:00:00,133.56
2023-07-26 00:00:00,133.6
2023-07-27 00:00:00,133.52
2023-07-28 00:00:00,133.53
2023-07-31 00:00:00,133.59
2023-08-01 00:00:00,133.44
2023-08-02 00:00:00,133.27
2023-08-03 00:00:00,133.2
2023-08-04 00:00:00,133.36
2023-08-07 00:00:00,133.38
2023-08-08 00:00:00,133.6
2023-08-09 00:00:00,133.65
2023-08-10 00:00:00,133.61
2023-08-11 00:00:00,133.37
2023-08-14 00:00:00,133.19
2023-08-15 00:00:00,133.09
2023-08-16 00:00:00,133.1
2023-08-17 00:00:00,132.84
2023-08-18 00:00:00,132.84
2023-08-21 00:00:00,132.52
2023-08-22 00:00:00,132.57
2023-08-23 00:00:00,132.9
2023-08-24 00:00:00,132.98
2023-08-25 00:00:00,132.86
2023-08-28 00:00:00,132.97
2023-08-29 00:00:00,133.17
2023-08-30 00:00:00,133.36
2023-08-31 00:00:00,133.39
2023-09-01 00:00:00,133.36
2023-09-04 00:00:00,133.37
2023-09-05 00:00:00,133.31
2023-09-06 00:00:00,133.01
2023-09-07 00:00:00,132.96
2023-09-08 00:00:00,133.13
2023-09-11 00:00:00,132.97
2023-09-12 00:00:00,132.9
2023-09-13 00:00:00,132.86
2023-09-14 00:00:00,133.12
2023-09-15 00:00:00,132.97
2023-09-18 00:00:00,132.93
2023-09-19 00:00:00,132.91
2023-09-20 00:00:00,132.98
2023-09-21 00:00:00,132.59
2023-09-22 00:00:00,132.54
2023-09-25 00:00:00,132.51
2023-09-26 00:00:00,132.45
2023-09-27 00:00:00,132.37
2023-09-28 00:00:00,131.84
2023-09-29 00:00:00,132.16
2023-10-02 00:00:00,131.81
2023-10-03 00:00:00,131.46
2023-10-04 00:00:00,131.33
2023-10-05 00:00:00,131.47
2023-10-06 00:00:00,131.22
2023-10-09 00:00:00,131.17
2023-10-10 00:00:00,131.61
2023-10-11 00:00:00,131.7
2023-10-12 00:00:00,131.57
2023-10-13 00:00:00,131.5
2023-10-16 00:00:00,131.32
2023-10-17 00:00:00,131.09
2023-10-18 00:00:00,130.59
2023-10-19 00:00:00,130.48
2023-10-20 00:00:00,130.65
2023-10-23 00:00:00,130.52
2023-10-24 00:00:00,130.67
2023-10-25 00:00:00,130.69
2023-10-26 00:00:00,130.7
2023-10-27 00:00:00,130.82
2023-10-30 00:00:00,130.87
2023-10-31 00:00:00,130.88
2023-11-01 00:00:00,131.09
2023-11-02 00:00:00,131.64
2023-11-03 00:00:00,132.12
2023-11-06 00:00:00,132.14
2023-11-07 00:00:00,132.25
2023-11-08 00:00:00,132.36
2023-11-09 00:00:00,132.36
2023-11-10 00:00:00,132.3
2023-11-13 00:00:00,132.17
2023-11-14 00:00:00,132.84
2023-11-15 00:00:00,132.89
2023-11-16 00:00:00,133.1
2023-11-17 00:00:00,133.22
2023-11-20 00:00:00,133.22
2023-11-21 00:00:00,133.52
2023-11-22 00:00:00,133.57
2023-11-23 00:00:00,133.65
2023-11-24 00:00:00,133.58
2023-11-27 00:00:00,133.73
2023-11-28 00:00:00,133.93
2023-11-29 00:00:00,134.59
2023-11-30 00:00:00,134.49
2023-12-01 00:00:00,134.7
2023-12-04 00:00:00,134.84
2023-12-05 00:00:00,135.3
2023-12-06 00:00:00,135.48
2023-12-07 00:00:00,135.57
2023-12-08 00:00:00,135.39
2023-12-11 00:00:00,135.37
2023-12-12 00:00:00,135.46
2023-12-13 00:00:00,135.63
2023-12-14 00:00:00,136.88
2023-12-15 00:00:00,136.99
2023-12-18 00:00:00,137.08
2023-12-19 00:00:00,137.24
2023-12-20 00:00:00,137.33
2023-12-21 00:00:00,137.39
2023-12-22 00:00:00,137.47
2023-12-26 00:00:00,137.68
2023-12-27 00:00:00,137.77
2023-12-28 00:00:00,137.89
2023-12-29 00:00:00,137.83
2024-01-02 00:00:00,137.63
2024-01-03 00:00:00,137.38
2024-01-04 00:00:00,137.28
2024-01-05 00:00:00,137.16
2024-01-08 00:00:00,136.95
2024-01-09 00:00:00,136.84
2024-01-10 00:00:00,136.93
2024-01-11 00:00:00,136.99
2024-01-12 00:00:00,137.19
2024-01-15 00:00:00,137.31
2024-01-16 00:00:00,137.01
2024-01-17 00:00:00,136.75
2024-01-18 00:00:00,136.77
2024-01-19 00:00:00,136.67
2024-01-22 00:00:00,136.8
2024-01-23 00:00:00,136.66
2024-01-24 00:00:00,136.66
2024-01-25 00:00:00,136.72
2024-01-26 00:00:00,136.71
2024-01-29 00:00:00,136.81
2024-01-30 00:00:00,136.95
2024-01-31 00:00:00,137.34
2024-02-01 00:00:00,137.72
2024-02-02 00:00:00,137.26
2024-02-05 00:00:00,136.93
2024-02-06 00:00:00,137
2024-02-07 00:00:00,137.12
2024-02-08 00:00:00,136.95
2024-02-09 00:00:00,136.93
2024-02-12 00:00:00,136.95
2024-02-13 00:00:00,136.61
2024-02-14 00:00:00,136.65
2024-02-15 00:00:00,136.77
2024-02-16 00:00:00,136.63
2024-02-19 00:00:00,136.68
2024-02-20 00:00:00,136.84
2024-02-21 00:00:00,136.83
2024-02-22 00:00:00,136.82
2024-02-23 00:00:00,136.86
2024-02-26 00:00:00,136.98
2024-02-27 00:00:00,136.94
2024-02-28 00:00:00,136.96
2024-02-29 00:00:00,137.03
2024-03-01 00:00:00,137.17
2024-03-04 00:00:00,137.17