Effective date,S&P MENA Bond and Sukuk Index
2014-02-28 00:00:00,104.8
2014-03-03 00:00:00,104.76
2014-03-04 00:00:00,104.78
2014-03-05 00:00:00,104.51
2014-03-06 00:00:00,104.43
2014-03-07 00:00:00,104.33
2014-03-10 00:00:00,104.27
2014-03-11 00:00:00,104.26
2014-03-12 00:00:00,104.22
2014-03-13 00:00:00,104.22
2014-03-14 00:00:00,104.22
2014-03-17 00:00:00,104.35
2014-03-18 00:00:00,104.47
2014-03-19 00:00:00,104.65
2014-03-20 00:00:00,104.47
2014-03-21 00:00:00,104.49
2014-03-24 00:00:00,104.55
2014-03-25 00:00:00,104.62
2014-03-26 00:00:00,104.71
2014-03-27 00:00:00,104.85
2014-03-28 00:00:00,104.94
2014-03-31 00:00:00,104.95
2014-04-01 00:00:00,104.96
2014-04-02 00:00:00,104.93
2014-04-03 00:00:00,104.85
2014-04-04 00:00:00,104.88
2014-04-07 00:00:00,104.99
2014-04-08 00:00:00,105.08
2014-04-09 00:00:00,105.06
2014-04-10 00:00:00,105.18
2014-04-11 00:00:00,105.16
2014-04-14 00:00:00,105.17
2014-04-15 00:00:00,105.11
2014-04-16 00:00:00,105.15
2014-04-17 00:00:00,105.2
2014-04-18 00:00:00,105.21
2014-04-21 00:00:00,105.25
2014-04-22 00:00:00,105.25
2014-04-23 00:00:00,105.29
2014-04-24 00:00:00,105.34
2014-04-25 00:00:00,105.36
2014-04-28 00:00:00,105.4
2014-04-29 00:00:00,105.45
2014-04-30 00:00:00,105.46
2014-05-01 00:00:00,105.55
2014-05-02 00:00:00,105.66
2014-05-05 00:00:00,105.69
2014-05-06 00:00:00,105.78
2014-05-07 00:00:00,105.95
2014-05-08 00:00:00,106.12
2014-05-09 00:00:00,106.22
2014-05-12 00:00:00,106.24
2014-05-13 00:00:00,106.22
2014-05-14 00:00:00,106.34
2014-05-15 00:00:00,106.58
2014-05-16 00:00:00,106.58
2014-05-19 00:00:00,106.66
2014-05-20 00:00:00,106.67
2014-05-21 00:00:00,106.74
2014-05-22 00:00:00,106.78
2014-05-23 00:00:00,106.83
2014-05-26 00:00:00,106.87
2014-05-27 00:00:00,106.91
2014-05-28 00:00:00,107.11
2014-05-29 00:00:00,107.24
2014-05-30 00:00:00,107.24
2014-06-02 00:00:00,107.24
2014-06-03 00:00:00,107.13
2014-06-04 00:00:00,107.04
2014-06-05 00:00:00,107.04
2014-06-06 00:00:00,107.18
2014-06-09 00:00:00,107.29
2014-06-10 00:00:00,107.24
2014-06-11 00:00:00,107.15
2014-06-12 00:00:00,107.16
2014-06-13 00:00:00,107.12
2014-06-16 00:00:00,107.06
2014-06-17 00:00:00,107
2014-06-18 00:00:00,106.83
2014-06-19 00:00:00,106.81
2014-06-20 00:00:00,106.83
2014-06-23 00:00:00,106.89
2014-06-24 00:00:00,106.89
2014-06-25 00:00:00,106.92
2014-06-26 00:00:00,106.97
2014-06-27 00:00:00,106.99
2014-06-30 00:00:00,107.07
2014-07-01 00:00:00,107.09
2014-07-02 00:00:00,107.08
2014-07-03 00:00:00,107
2014-07-04 00:00:00,106.98
2014-07-07 00:00:00,107.04
2014-07-08 00:00:00,107.1
2014-07-09 00:00:00,107.17
2014-07-10 00:00:00,107.24
2014-07-11 00:00:00,107.21
2014-07-14 00:00:00,107.31
2014-07-15 00:00:00,107.35
2014-07-16 00:00:00,107.36
2014-07-17 00:00:00,107.35
2014-07-18 00:00:00,107.33
2014-07-21 00:00:00,107.38
2014-07-22 00:00:00,107.39
2014-07-23 00:00:00,107.46
2014-07-24 00:00:00,107.5
2014-07-25 00:00:00,107.52
2014-07-28 00:00:00,107.53
2014-07-29 00:00:00,107.58
2014-07-30 00:00:00,107.58
2014-07-31 00:00:00,107.42
2014-08-01 00:00:00,107.36
2014-08-04 00:00:00,107.37
2014-08-05 00:00:00,107.35
2014-08-06 00:00:00,107.3
2014-08-07 00:00:00,107.32
2014-08-08 00:00:00,107.34
2014-08-11 00:00:00,107.43
2014-08-12 00:00:00,107.54
2014-08-13 00:00:00,107.74
2014-08-14 00:00:00,107.92
2014-08-15 00:00:00,108.06
2014-08-18 00:00:00,108.09
2014-08-19 00:00:00,108.21
2014-08-20 00:00:00,108.24
2014-08-21 00:00:00,108.23
2014-08-22 00:00:00,108.28
2014-08-25 00:00:00,108.31
2014-08-26 00:00:00,108.41
2014-08-27 00:00:00,108.5
2014-08-28 00:00:00,108.58
2014-08-29 00:00:00,108.64
2014-09-01 00:00:00,108.67
2014-09-02 00:00:00,108.69
2014-09-03 00:00:00,108.6
2014-09-04 00:00:00,108.69
2014-09-05 00:00:00,108.71
2014-09-08 00:00:00,108.75
2014-09-09 00:00:00,108.66
2014-09-10 00:00:00,108.45
2014-09-11 00:00:00,108.41
2014-09-12 00:00:00,108.11
2014-09-15 00:00:00,107.94
2014-09-16 00:00:00,108
2014-09-17 00:00:00,108
2014-09-18 00:00:00,107.85
2014-09-19 00:00:00,107.84
2014-09-22 00:00:00,108.05
2014-09-23 00:00:00,108.07
2014-09-24 00:00:00,108.04
2014-09-25 00:00:00,108.03
2014-09-26 00:00:00,107.77
2014-09-29 00:00:00,107.62
2014-09-30 00:00:00,107.65
2014-10-01 00:00:00,107.71
2014-10-02 00:00:00,107.85
2014-10-03 00:00:00,107.85
2014-10-06 00:00:00,107.97
2014-10-07 00:00:00,108.05
2014-10-08 00:00:00,108.14
2014-10-09 00:00:00,108.43
2014-10-10 00:00:00,108.39
2014-10-13 00:00:00,108.36
2014-10-14 00:00:00,108.49
2014-10-15 00:00:00,108.57
2014-10-16 00:00:00,108.61
2014-10-17 00:00:00,108.67
2014-10-20 00:00:00,108.75
2014-10-21 00:00:00,108.84
2014-10-22 00:00:00,108.88
2014-10-23 00:00:00,108.92
2014-10-24 00:00:00,108.96
2014-10-27 00:00:00,108.99
2014-10-28 00:00:00,109.02
2014-10-29 00:00:00,109.07
2014-10-30 00:00:00,109.09
2014-10-31 00:00:00,109.08
2014-11-03 00:00:00,109.16
2014-11-04 00:00:00,109.17
2014-11-05 00:00:00,109.19
2014-11-06 00:00:00,109.17
2014-11-07 00:00:00,109.16
2014-11-10 00:00:00,109.31
2014-11-11 00:00:00,109.32
2014-11-12 00:00:00,109.36
2014-11-13 00:00:00,109.34
2014-11-14 00:00:00,109.27
2014-11-17 00:00:00,109.29
2014-11-18 00:00:00,109.29
2014-11-19 00:00:00,109.23
2014-11-20 00:00:00,109.25
2014-11-21 00:00:00,109.3
2014-11-24 00:00:00,109.36
2014-11-25 00:00:00,109.42
2014-11-26 00:00:00,109.54
2014-11-27 00:00:00,109.57
2014-11-28 00:00:00,109.59
2014-12-01 00:00:00,109.53
2014-12-02 00:00:00,109.44
2014-12-03 00:00:00,109.34
2014-12-04 00:00:00,109.37
2014-12-05 00:00:00,109.35
2014-12-08 00:00:00,109.29
2014-12-09 00:00:00,109.21
2014-12-10 00:00:00,109.12
2014-12-11 00:00:00,108.97
2014-12-12 00:00:00,108.71
2014-12-15 00:00:00,108.09
2014-12-16 00:00:00,107.13
2014-12-17 00:00:00,107.81
2014-12-18 00:00:00,108.23
2014-12-19 00:00:00,108.25
2014-12-22 00:00:00,108.44
2014-12-23 00:00:00,108.58
2014-12-24 00:00:00,108.6
2014-12-26 00:00:00,108.62
2014-12-29 00:00:00,108.67
2014-12-30 00:00:00,108.72
2014-12-31 00:00:00,108.74
2015-01-02 00:00:00,108.81
2015-01-05 00:00:00,109.08
2015-01-06 00:00:00,109.02
2015-01-07 00:00:00,109.19
2015-01-08 00:00:00,109.59
2015-01-09 00:00:00,109.64
2015-01-12 00:00:00,109.75
2015-01-13 00:00:00,109.92
2015-01-14 00:00:00,110.21
2015-01-15 00:00:00,110.36
2015-01-16 00:00:00,110.54
2015-01-19 00:00:00,110.55
2015-01-20 00:00:00,110.7
2015-01-21 00:00:00,110.77
2015-01-22 00:00:00,110.71
2015-01-23 00:00:00,110.96
2015-01-26 00:00:00,111.01
2015-01-27 00:00:00,111.14
2015-01-28 00:00:00,111.17
2015-01-29 00:00:00,111.27
2015-01-30 00:00:00,111.34
2015-02-02 00:00:00,111.45
2015-02-03 00:00:00,111.6
2015-02-04 00:00:00,111.54
2015-02-05 00:00:00,111.56
2015-02-06 00:00:00,111.48
2015-02-09 00:00:00,111.39
2015-02-10 00:00:00,111.07
2015-02-11 00:00:00,111.04
2015-02-12 00:00:00,110.9
2015-02-13 00:00:00,110.91
2015-02-16 00:00:00,111
2015-02-17 00:00:00,110.96
2015-02-18 00:00:00,110.89
2015-02-19 00:00:00,110.94
2015-02-20 00:00:00,110.98
2015-02-23 00:00:00,110.99
2015-02-24 00:00:00,111.01
2015-02-25 00:00:00,111.14
2015-02-26 00:00:00,111.26
2015-02-27 00:00:00,111.28
2015-03-02 00:00:00,111.37
2015-03-03 00:00:00,111.29
2015-03-04 00:00:00,111.21
2015-03-05 00:00:00,111.2
2015-03-06 00:00:00,111.11
2015-03-09 00:00:00,110.95
2015-03-10 00:00:00,110.88
2015-03-11 00:00:00,110.81
2015-03-12 00:00:00,110.83
2015-03-13 00:00:00,110.74
2015-03-16 00:00:00,110.69
2015-03-17 00:00:00,110.66
2015-03-18 00:00:00,110.64
2015-03-19 00:00:00,110.97
2015-03-20 00:00:00,111.05
2015-03-23 00:00:00,111.14
2015-03-24 00:00:00,111.24
2015-03-25 00:00:00,111.38
2015-03-26 00:00:00,111.03
2015-03-27 00:00:00,110.98
2015-03-30 00:00:00,111.11
2015-03-31 00:00:00,111.21
2015-04-01 00:00:00,111.39
2015-04-02 00:00:00,111.53
2015-04-03 00:00:00,111.54
2015-04-06 00:00:00,111.58
2015-04-07 00:00:00,111.62
2015-04-08 00:00:00,111.75
2015-04-09 00:00:00,111.82
2015-04-10 00:00:00,111.76
2015-04-13 00:00:00,111.8
2015-04-14 00:00:00,111.91
2015-04-15 00:00:00,111.96
2015-04-16 00:00:00,111.99
2015-04-17 00:00:00,112.01
2015-04-20 00:00:00,112.02
2015-04-21 00:00:00,112
2015-04-22 00:00:00,111.99
2015-04-23 00:00:00,111.92
2015-04-24 00:00:00,111.93
2015-04-27 00:00:00,112.02
2015-04-28 00:00:00,112.06
2015-04-29 00:00:00,111.9
2015-04-30 00:00:00,111.76
2015-05-01 00:00:00,111.67
2015-05-04 00:00:00,111.73
2015-05-05 00:00:00,111.58
2015-05-06 00:00:00,111.5
2015-05-07 00:00:00,111.43
2015-05-08 00:00:00,111.64
2015-05-11 00:00:00,111.74
2015-05-12 00:00:00,111.52
2015-05-13 00:00:00,111.57
2015-05-14 00:00:00,111.56
2015-05-15 00:00:00,111.68
2015-05-18 00:00:00,111.76
2015-05-19 00:00:00,111.68
2015-05-20 00:00:00,111.68
2015-05-21 00:00:00,111.74
2015-05-22 00:00:00,111.8
2015-05-25 00:00:00,111.83
2015-05-26 00:00:00,111.87
2015-05-27 00:00:00,111.86
2015-05-28 00:00:00,111.86
2015-05-29 00:00:00,111.87
2015-06-01 00:00:00,111.87
2015-06-02 00:00:00,111.69
2015-06-03 00:00:00,111.48
2015-06-04 00:00:00,111.3
2015-06-05 00:00:00,111.19
2015-06-08 00:00:00,111.13
2015-06-09 00:00:00,111.09
2015-06-10 00:00:00,110.85
2015-06-11 00:00:00,110.76
2015-06-12 00:00:00,110.9
2015-06-15 00:00:00,110.93
2015-06-16 00:00:00,110.84
2015-06-17 00:00:00,110.89
2015-06-18 00:00:00,111.07
2015-06-19 00:00:00,111.18
2015-06-22 00:00:00,111.21
2015-06-23 00:00:00,111.23
2015-06-24 00:00:00,111.23
2015-06-25 00:00:00,111.22
2015-06-26 00:00:00,111.16
2015-06-29 00:00:00,110.87
2015-06-30 00:00:00,110.87
2015-07-01 00:00:00,110.92
2015-07-02 00:00:00,110.95
2015-07-03 00:00:00,110.99
2015-07-06 00:00:00,111.09
2015-07-07 00:00:00,111.14
2015-07-08 00:00:00,111.16
2015-07-09 00:00:00,111.25
2015-07-10 00:00:00,111.32
2015-07-13 00:00:00,111.35
2015-07-14 00:00:00,111.38
2015-07-15 00:00:00,111.36
2015-07-16 00:00:00,111.39
2015-07-17 00:00:00,111.4
2015-07-20 00:00:00,111.43
2015-07-21 00:00:00,111.44
2015-07-22 00:00:00,111.46
2015-07-23 00:00:00,111.49
2015-07-24 00:00:00,111.51
2015-07-27 00:00:00,111.55
2015-07-28 00:00:00,111.51
2015-07-29 00:00:00,111.55
2015-07-30 00:00:00,111.57
2015-07-31 00:00:00,111.58
2015-08-03 00:00:00,111.65
2015-08-04 00:00:00,111.75
2015-08-05 00:00:00,111.71
2015-08-06 00:00:00,111.66
2015-08-07 00:00:00,111.61
2015-08-10 00:00:00,111.63
2015-08-11 00:00:00,111.67
2015-08-12 00:00:00,111.72
2015-08-13 00:00:00,111.72
2015-08-14 00:00:00,111.73
2015-08-17 00:00:00,111.73
2015-08-18 00:00:00,111.56
2015-08-19 00:00:00,111.37
2015-08-20 00:00:00,111.18
2015-08-21 00:00:00,111.06
2015-08-24 00:00:00,110.63
2015-08-25 00:00:00,110.77
2015-08-26 00:00:00,110.76
2015-08-27 00:00:00,110.99
2015-08-28 00:00:00,111.1
2015-08-31 00:00:00,111.12
2015-09-01 00:00:00,111.15
2015-09-02 00:00:00,111.1
2015-09-03 00:00:00,111.1
2015-09-04 00:00:00,111.06
2015-09-07 00:00:00,111.07
2015-09-08 00:00:00,111.09
2015-09-09 00:00:00,111.15
2015-09-10 00:00:00,111.1
2015-09-11 00:00:00,111.15
2015-09-14 00:00:00,111.2
2015-09-15 00:00:00,111.23
2015-09-16 00:00:00,111.28
2015-09-17 00:00:00,111.35
2015-09-18 00:00:00,111.65
2015-09-21 00:00:00,111.71
2015-09-22 00:00:00,111.61
2015-09-23 00:00:00,111.58
2015-09-24 00:00:00,111.38
2015-09-25 00:00:00,111.38
2015-09-28 00:00:00,111.4
2015-09-29 00:00:00,111.24
2015-09-30 00:00:00,111.4
2015-10-01 00:00:00,111.54
2015-10-02 00:00:00,111.65
2015-10-05 00:00:00,111.88
2015-10-06 00:00:00,111.97
2015-10-07 00:00:00,112.01
2015-10-08 00:00:00,112
2015-10-09 00:00:00,111.99
2015-10-12 00:00:00,111.96
2015-10-13 00:00:00,112
2015-10-14 00:00:00,112.01
2015-10-15 00:00:00,112.06
2015-10-16 00:00:00,112.17
2015-10-19 00:00:00,112.25
2015-10-20 00:00:00,112.28
2015-10-21 00:00:00,112.25
2015-10-22 00:00:00,112.25
2015-10-23 00:00:00,112.25
2015-10-26 00:00:00,112.25
2015-10-27 00:00:00,112.17
2015-10-28 00:00:00,112.14
2015-10-29 00:00:00,112.04
2015-10-30 00:00:00,111.95
2015-11-02 00:00:00,111.6
2015-11-03 00:00:00,111.67
2015-11-04 00:00:00,111.71
2015-11-05 00:00:00,111.68
2015-11-06 00:00:00,111.59
2015-11-09 00:00:00,111.32
2015-11-10 00:00:00,111.15
2015-11-11 00:00:00,111.1
2015-11-12 00:00:00,111.01
2015-11-13 00:00:00,110.94
2015-11-16 00:00:00,110.81
2015-11-17 00:00:00,110.61
2015-11-18 00:00:00,110.54
2015-11-19 00:00:00,110.62
2015-11-20 00:00:00,110.62
2015-11-23 00:00:00,110.62
2015-11-24 00:00:00,110.55
2015-11-25 00:00:00,110.49
2015-11-26 00:00:00,110.43
2015-11-27 00:00:00,110.43
2015-11-30 00:00:00,110.48
2015-12-01 00:00:00,110.51
2015-12-02 00:00:00,110.53
2015-12-03 00:00:00,110.5
2015-12-04 00:00:00,110.34
2015-12-07 00:00:00,110.39
2015-12-08 00:00:00,110.37
2015-12-09 00:00:00,110.39
2015-12-10 00:00:00,110.37
2015-12-11 00:00:00,110.27
2015-12-14 00:00:00,110.23
2015-12-15 00:00:00,110.17
2015-12-16 00:00:00,110.18
2015-12-17 00:00:00,110.24
2015-12-18 00:00:00,110.27
2015-12-21 00:00:00,110.29
2015-12-22 00:00:00,110.33
2015-12-23 00:00:00,110.36
2015-12-24 00:00:00,110.36
2015-12-28 00:00:00,110.41
2015-12-29 00:00:00,110.45
2015-12-30 00:00:00,110.45
2015-12-31 00:00:00,110.43
2016-01-04 00:00:00,110.42
2016-01-05 00:00:00,110.34
2016-01-06 00:00:00,110.02
2016-01-07 00:00:00,109.46
2016-01-08 00:00:00,109.4
2016-01-11 00:00:00,109.33
2016-01-12 00:00:00,109.22
2016-01-13 00:00:00,109.19
2016-01-14 00:00:00,109.02
2016-01-15 00:00:00,108.4
2016-01-18 00:00:00,108.18
2016-01-19 00:00:00,108.42
2016-01-20 00:00:00,108.19
2016-01-21 00:00:00,108.19
2016-01-22 00:00:00,108.55
2016-01-25 00:00:00,108.79
2016-01-26 00:00:00,108.7
2016-01-27 00:00:00,108.92
2016-01-28 00:00:00,109.35
2016-01-29 00:00:00,109.55
2016-02-01 00:00:00,109.71
2016-02-02 00:00:00,109.53
2016-02-03 00:00:00,109.58
2016-02-04 00:00:00,109.82
2016-02-05 00:00:00,109.89
2016-02-08 00:00:00,109.94
2016-02-09 00:00:00,109.92
2016-02-10 00:00:00,110.05
2016-02-11 00:00:00,110.14
2016-02-12 00:00:00,110.39
2016-02-15 00:00:00,110.64
2016-02-16 00:00:00,110.75
2016-02-17 00:00:00,110.84
2016-02-18 00:00:00,110.82
2016-02-19 00:00:00,110.93
2016-02-22 00:00:00,111.05
2016-02-23 00:00:00,111.01
2016-02-24 00:00:00,111.02
2016-02-25 00:00:00,111.14
2016-02-26 00:00:00,111.36
2016-02-29 00:00:00,111.5
2016-03-01 00:00:00,111.64
2016-03-02 00:00:00,111.76
2016-03-03 00:00:00,111.82
2016-03-04 00:00:00,111.86
2016-03-07 00:00:00,111.95
2016-03-08 00:00:00,111.91
2016-03-09 00:00:00,111.84
2016-03-10 00:00:00,111.82
2016-03-11 00:00:00,111.83
2016-03-14 00:00:00,111.91
2016-03-15 00:00:00,111.85
2016-03-16 00:00:00,111.9
2016-03-17 00:00:00,112.15
2016-03-18 00:00:00,112.36
2016-03-21 00:00:00,112.48
2016-03-22 00:00:00,112.55
2016-03-23 00:00:00,112.64
2016-03-24 00:00:00,112.44
2016-03-25 00:00:00,112.44
2016-03-28 00:00:00,112.48
2016-03-29 00:00:00,112.53
2016-03-30 00:00:00,112.78
2016-03-31 00:00:00,112.82
2016-04-01 00:00:00,112.86
2016-04-04 00:00:00,112.92
2016-04-05 00:00:00,112.86
2016-04-06 00:00:00,112.88
2016-04-07 00:00:00,112.95
2016-04-08 00:00:00,112.97
2016-04-11 00:00:00,113.01
2016-04-12 00:00:00,113.12
2016-04-13 00:00:00,113.29
2016-04-14 00:00:00,113.36
2016-04-15 00:00:00,113.47
2016-04-18 00:00:00,113.44
2016-04-19 00:00:00,113.5
2016-04-20 00:00:00,113.55
2016-04-21 00:00:00,113.58
2016-04-22 00:00:00,113.41
2016-04-25 00:00:00,113.33
2016-04-26 00:00:00,113.31
2016-04-27 00:00:00,113.34
2016-04-28 00:00:00,113.43
2016-04-29 00:00:00,113.5
2016-05-02 00:00:00,113.53
2016-05-03 00:00:00,113.61
2016-05-04 00:00:00,113.53
2016-05-05 00:00:00,113.52
2016-05-06 00:00:00,113.54
2016-05-09 00:00:00,113.61
2016-05-10 00:00:00,113.66
2016-05-11 00:00:00,113.76
2016-05-12 00:00:00,113.88
2016-05-13 00:00:00,113.88
2016-05-16 00:00:00,113.89
2016-05-17 00:00:00,113.92
2016-05-18 00:00:00,113.83
2016-05-19 00:00:00,113.51
2016-05-20 00:00:00,113.54
2016-05-23 00:00:00,113.57
2016-05-24 00:00:00,113.58
2016-05-25 00:00:00,113.52
2016-05-26 00:00:00,113.55
2016-05-27 00:00:00,113.53
2016-05-30 00:00:00,113.56
2016-05-31 00:00:00,113.49
2016-06-01 00:00:00,113.45
2016-06-02 00:00:00,113.41
2016-06-03 00:00:00,113.46
2016-06-06 00:00:00,113.64
2016-06-07 00:00:00,113.73
2016-06-08 00:00:00,113.79
2016-06-09 00:00:00,113.78
2016-06-10 00:00:00,113.73
2016-06-13 00:00:00,113.73
2016-06-14 00:00:00,113.66
2016-06-15 00:00:00,113.72
2016-06-16 00:00:00,113.83
2016-06-17 00:00:00,113.82
2016-06-20 00:00:00,114.1
2016-06-21 00:00:00,114.22
2016-06-22 00:00:00,114.28
2016-06-23 00:00:00,114.38
2016-06-24 00:00:00,114.22
2016-06-27 00:00:00,114.36
2016-06-28 00:00:00,114.67
2016-06-29 00:00:00,115.12
2016-06-30 00:00:00,115.22
2016-07-01 00:00:00,115.7
2016-07-04 00:00:00,115.63
2016-07-05 00:00:00,115.85
2016-07-06 00:00:00,115.96
2016-07-07 00:00:00,115.9
2016-07-08 00:00:00,116.09
2016-07-11 00:00:00,116.37
2016-07-12 00:00:00,116.13
2016-07-13 00:00:00,116.15
2016-07-14 00:00:00,116.04
2016-07-15 00:00:00,115.99
2016-07-18 00:00:00,116.02
2016-07-19 00:00:00,116.06
2016-07-20 00:00:00,116.06
2016-07-21 00:00:00,116.02
2016-07-22 00:00:00,116
2016-07-25 00:00:00,116.06
2016-07-26 00:00:00,116.08
2016-07-27 00:00:00,116.14
2016-07-28 00:00:00,116.28
2016-07-29 00:00:00,116.31
2016-08-01 00:00:00,116.42
2016-08-02 00:00:00,116.3
2016-08-03 00:00:00,116.13
2016-08-04 00:00:00,116.26
2016-08-05 00:00:00,116.39
2016-08-08 00:00:00,116.41
2016-08-09 00:00:00,116.54
2016-08-10 00:00:00,116.77
2016-08-11 00:00:00,116.79
2016-08-12 00:00:00,116.91
2016-08-15 00:00:00,117.19
2016-08-16 00:00:00,117.29
2016-08-17 00:00:00,117.28
2016-08-18 00:00:00,117.35
2016-08-19 00:00:00,117.38
2016-08-22 00:00:00,117.37
2016-08-23 00:00:00,117.39
2016-08-25 00:00:00,117.42
2016-08-26 00:00:00,117.44
2016-08-29 00:00:00,117.45
2016-08-30 00:00:00,117.4
2016-08-31 00:00:00,117.27
2016-09-01 00:00:00,117
2016-09-02 00:00:00,116.9
2016-09-05 00:00:00,116.94
2016-09-06 00:00:00,117
2016-09-07 00:00:00,117.18
2016-09-08 00:00:00,117.2
2016-09-09 00:00:00,116.95
2016-09-12 00:00:00,116.65
2016-09-13 00:00:00,116.67
2016-09-14 00:00:00,116.49
2016-09-15 00:00:00,116.41
2016-09-16 00:00:00,116.46
2016-09-19 00:00:00,116.54
2016-09-20 00:00:00,116.62
2016-09-21 00:00:00,116.7
2016-09-22 00:00:00,117.13
2016-09-23 00:00:00,117.19
2016-09-26 00:00:00,117.14
2016-09-27 00:00:00,117.04
2016-09-28 00:00:00,117.03
2016-09-29 00:00:00,117.04
2016-09-30 00:00:00,116.99
2016-10-03 00:00:00,117
2016-10-04 00:00:00,116.97
2016-10-05 00:00:00,116.86
2016-10-06 00:00:00,116.82
2016-10-07 00:00:00,116.77
2016-10-10 00:00:00,116.79
2016-10-11 00:00:00,116.59
2016-10-12 00:00:00,116.48
2016-10-13 00:00:00,116.48
2016-10-14 00:00:00,116.51
2016-10-17 00:00:00,116.53
2016-10-18 00:00:00,116.71
2016-10-19 00:00:00,116.89
2016-10-20 00:00:00,116.95
2016-10-21 00:00:00,116.99
2016-10-24 00:00:00,117.06
2016-10-25 00:00:00,117.05
2016-10-26 00:00:00,117.01
2016-10-27 00:00:00,116.88
2016-10-28 00:00:00,116.8
2016-10-31 00:00:00,116.83
2016-11-01 00:00:00,116.93
2016-11-02 00:00:00,117.03
2016-11-03 00:00:00,116.93
2016-11-04 00:00:00,116.99
2016-11-07 00:00:00,116.93
2016-11-08 00:00:00,116.86
2016-11-09 00:00:00,116.29
2016-11-10 00:00:00,115.86
2016-11-11 00:00:00,115.39
2016-11-14 00:00:00,114.67
2016-11-15 00:00:00,114.95
2016-11-16 00:00:00,115.03
2016-11-17 00:00:00,114.77
2016-11-18 00:00:00,114.39
2016-11-21 00:00:00,114.55
2016-11-22 00:00:00,114.64
2016-11-23 00:00:00,114.65
2016-11-24 00:00:00,114.46
2016-11-25 00:00:00,114.52
2016-11-28 00:00:00,114.65
2016-11-29 00:00:00,114.68
2016-11-30 00:00:00,114.36
2016-12-01 00:00:00,114.04
2016-12-02 00:00:00,114.2
2016-12-05 00:00:00,114.44
2016-12-06 00:00:00,114.37
2016-12-07 00:00:00,114.69
2016-12-08 00:00:00,114.79
2016-12-09 00:00:00,114.74
2016-12-12 00:00:00,114.85
2016-12-13 00:00:00,114.66
2016-12-14 00:00:00,114.88
2016-12-15 00:00:00,114.29
2016-12-16 00:00:00,114.32
2016-12-19 00:00:00,114.41
2016-12-20 00:00:00,114.3
2016-12-21 00:00:00,114.49
2016-12-22 00:00:00,114.51
2016-12-23 00:00:00,114.51
2016-12-27 00:00:00,114.46
2016-12-28 00:00:00,114.58
2016-12-29 00:00:00,114.63
2016-12-30 00:00:00,114.85
2017-01-03 00:00:00,114.94
2017-01-04 00:00:00,115.03
2017-01-05 00:00:00,115.52
2017-01-06 00:00:00,115.19
2017-01-09 00:00:00,115.48
2017-01-10 00:00:00,115.56
2017-01-11 00:00:00,115.71
2017-01-12 00:00:00,115.75
2017-01-13 00:00:00,115.49
2017-01-16 00:00:00,115.75
2017-01-17 00:00:00,115.78
2017-01-18 00:00:00,115.89
2017-01-19 00:00:00,115.52
2017-01-20 00:00:00,115.5
2017-01-23 00:00:00,115.79
2017-01-24 00:00:00,115.78
2017-01-25 00:00:00,115.62
2017-01-26 00:00:00,115.63
2017-01-27 00:00:00,115.61
2017-01-30 00:00:00,115.66
2017-01-31 00:00:00,115.82
2017-02-01 00:00:00,115.67
2017-02-02 00:00:00,115.81
2017-02-03 00:00:00,115.97
2017-02-06 00:00:00,116.18
2017-02-07 00:00:00,116.4
2017-02-08 00:00:00,116.51
2017-02-09 00:00:00,116.37
2017-02-10 00:00:00,116.55
2017-02-13 00:00:00,116.51
2017-02-14 00:00:00,116.37
2017-02-15 00:00:00,116.36
2017-02-16 00:00:00,116.5
2017-02-17 00:00:00,116.47
2017-02-20 00:00:00,116.49
2017-02-21 00:00:00,116.59
2017-02-22 00:00:00,116.31
2017-02-23 00:00:00,116.61
2017-02-24 00:00:00,116.78
2017-02-27 00:00:00,116.72
2017-02-28 00:00:00,116.9
2017-03-01 00:00:00,116.65
2017-03-02 00:00:00,116.42
2017-03-03 00:00:00,116.22
2017-03-06 00:00:00,116.32
2017-03-07 00:00:00,116.43
2017-03-08 00:00:00,116.33
2017-03-09 00:00:00,115.99
2017-03-10 00:00:00,116.08
2017-03-13 00:00:00,116.15
2017-03-14 00:00:00,116.15
2017-03-15 00:00:00,116.35
2017-03-16 00:00:00,116.48
2017-03-17 00:00:00,116.56
2017-03-20 00:00:00,116.67
2017-03-21 00:00:00,116.9
2017-03-22 00:00:00,116.78
2017-03-23 00:00:00,116.81
2017-03-24 00:00:00,116.97
2017-03-27 00:00:00,117.06
2017-03-28 00:00:00,117.04
2017-03-29 00:00:00,117.27
2017-03-30 00:00:00,117.2
2017-03-31 00:00:00,117.28
2017-04-03 00:00:00,117.37
2017-04-04 00:00:00,117.4
2017-04-05 00:00:00,117.41
2017-04-06 00:00:00,117.5
2017-04-07 00:00:00,117.36
2017-04-10 00:00:00,117.5
2017-04-11 00:00:00,117.58
2017-04-12 00:00:00,117.66
2017-04-13 00:00:00,117.74
2017-04-14 00:00:00,117.74
2017-04-17 00:00:00,117.72
2017-04-18 00:00:00,117.92
2017-04-19 00:00:00,117.95
2017-04-20 00:00:00,117.89
2017-04-21 00:00:00,118.05
2017-04-24 00:00:00,118.06
2017-04-25 00:00:00,117.88
2017-04-26 00:00:00,117.9
2017-04-27 00:00:00,118.08
2017-04-28 00:00:00,118.14
2017-05-01 00:00:00,117.9
2017-05-02 00:00:00,118.29
2017-05-03 00:00:00,118.26
2017-05-04 00:00:00,118.1
2017-05-05 00:00:00,118.1
2017-05-08 00:00:00,117.98
2017-05-09 00:00:00,117.94
2017-05-10 00:00:00,118.01
2017-05-11 00:00:00,118.16
2017-05-12 00:00:00,118.38
2017-05-15 00:00:00,118.25
2017-05-16 00:00:00,118.43
2017-05-17 00:00:00,118.57
2017-05-18 00:00:00,118.44
2017-05-19 00:00:00,118.47
2017-05-22 00:00:00,118.63
2017-05-23 00:00:00,118.54
2017-05-24 00:00:00,118.5
2017-05-25 00:00:00,118.91
2017-05-26 00:00:00,118.82
2017-05-29 00:00:00,118.93
2017-05-30 00:00:00,119.02
2017-05-31 00:00:00,119.08
2017-06-01 00:00:00,119.06
2017-06-02 00:00:00,119.21
2017-06-05 00:00:00,118.83
2017-06-06 00:00:00,118.66
2017-06-07 00:00:00,118.67
2017-06-08 00:00:00,118.46
2017-06-09 00:00:00,118.37
2017-06-12 00:00:00,118.66
2017-06-13 00:00:00,118.54
2017-06-14 00:00:00,119.03
2017-06-15 00:00:00,118.84
2017-06-16 00:00:00,118.96
2017-06-19 00:00:00,118.81
2017-06-20 00:00:00,118.91
2017-06-21 00:00:00,118.75
2017-06-22 00:00:00,118.63
2017-06-23 00:00:00,118.65
2017-06-26 00:00:00,118.68
2017-06-27 00:00:00,118.51
2017-06-28 00:00:00,118.59
2017-06-29 00:00:00,118.6
2017-06-30 00:00:00,118.46
2017-07-03 00:00:00,118.37
2017-07-04 00:00:00,118.37
2017-07-05 00:00:00,118.26
2017-07-06 00:00:00,117.93
2017-07-07 00:00:00,117.78
2017-07-10 00:00:00,117.75
2017-07-11 00:00:00,118.03
2017-07-12 00:00:00,118.33
2017-07-13 00:00:00,118.22
2017-07-14 00:00:00,118.47
2017-07-17 00:00:00,118.59
2017-07-18 00:00:00,118.74
2017-07-19 00:00:00,118.75
2017-07-20 00:00:00,118.91
2017-07-21 00:00:00,118.97
2017-07-24 00:00:00,119.05
2017-07-25 00:00:00,118.99
2017-07-26 00:00:00,118.98
2017-07-27 00:00:00,119.21
2017-07-28 00:00:00,119.27
2017-07-31 00:00:00,119.22
2017-08-01 00:00:00,119.36
2017-08-02 00:00:00,119.35
2017-08-03 00:00:00,119.41
2017-08-04 00:00:00,119.38
2017-08-07 00:00:00,119.39
2017-08-08 00:00:00,119.4
2017-08-09 00:00:00,119.47
2017-08-10 00:00:00,119.51
2017-08-11 00:00:00,119.47
2017-08-14 00:00:00,119.48
2017-08-15 00:00:00,119.45
2017-08-16 00:00:00,119.53
2017-08-17 00:00:00,119.73
2017-08-18 00:00:00,119.49
2017-08-21 00:00:00,119.68
2017-08-22 00:00:00,119.65
2017-08-23 00:00:00,119.74
2017-08-24 00:00:00,119.79
2017-08-25 00:00:00,119.89
2017-08-28 00:00:00,119.85
2017-08-29 00:00:00,119.92
2017-08-30 00:00:00,120.02
2017-08-31 00:00:00,120.18
2017-09-01 00:00:00,120.06
2017-09-04 00:00:00,120.31
2017-09-05 00:00:00,120.55
2017-09-06 00:00:00,120.39
2017-09-07 00:00:00,120.58
2017-09-08 00:00:00,120.59
2017-09-11 00:00:00,120.5
2017-09-12 00:00:00,120.39
2017-09-13 00:00:00,120.32
2017-09-14 00:00:00,120.33
2017-09-15 00:00:00,120.33
2017-09-18 00:00:00,120.3
2017-09-19 00:00:00,120.2
2017-09-20 00:00:00,120.16
2017-09-21 00:00:00,120.05
2017-09-22 00:00:00,119.99
2017-09-25 00:00:00,120.21
2017-09-26 00:00:00,120.04
2017-09-27 00:00:00,119.87
2017-09-28 00:00:00,119.96
2017-09-29 00:00:00,120.04
2017-10-02 00:00:00,119.88
2017-10-03 00:00:00,120.12
2017-10-04 00:00:00,120
2017-10-05 00:00:00,119.97
2017-10-06 00:00:00,120.03
2017-10-09 00:00:00,119.96
2017-10-10 00:00:00,119.94
2017-10-11 00:00:00,119.85
2017-10-12 00:00:00,119.92
2017-10-13 00:00:00,120.04
2017-10-16 00:00:00,120.07
2017-10-17 00:00:00,119.99
2017-10-18 00:00:00,120.04
2017-10-19 00:00:00,120.02
2017-10-20 00:00:00,119.89
2017-10-23 00:00:00,120
2017-10-24 00:00:00,119.94
2017-10-25 00:00:00,119.76
2017-10-26 00:00:00,119.66
2017-10-27 00:00:00,119.69
2017-10-30 00:00:00,119.98
2017-10-31 00:00:00,119.96
2017-11-01 00:00:00,119.99
2017-11-02 00:00:00,120.04
2017-11-03 00:00:00,120.18
2017-11-06 00:00:00,120.01
2017-11-07 00:00:00,119.79
2017-11-08 00:00:00,119.4
2017-11-09 00:00:00,119.47
2017-11-10 00:00:00,119.04
2017-11-13 00:00:00,119.2
2017-11-14 00:00:00,119.32
2017-11-15 00:00:00,119.33
2017-11-16 00:00:00,119.35
2017-11-17 00:00:00,119.56
2017-11-20 00:00:00,119.5
2017-11-21 00:00:00,119.55
2017-11-22 00:00:00,119.87
2017-11-23 00:00:00,119.86
2017-11-24 00:00:00,119.81
2017-11-27 00:00:00,119.98
2017-11-28 00:00:00,120.08
2017-11-29 00:00:00,119.95
2017-11-30 00:00:00,119.69
2017-12-01 00:00:00,120.16
2017-12-04 00:00:00,119.95
2017-12-05 00:00:00,120.1
2017-12-06 00:00:00,120.14
2017-12-07 00:00:00,120.12
2017-12-08 00:00:00,120.05
2017-12-11 00:00:00,119.97
2017-12-12 00:00:00,119.89
2017-12-13 00:00:00,120.02
2017-12-14 00:00:00,120.27
2017-12-15 00:00:00,120.22
2017-12-18 00:00:00,120.18
2017-12-19 00:00:00,119.95
2017-12-20 00:00:00,119.96
2017-12-21 00:00:00,119.9
2017-12-22 00:00:00,119.89
2017-12-26 00:00:00,120.1
2017-12-27 00:00:00,120.21
2017-12-28 00:00:00,120.06
2017-12-29 00:00:00,120.19
2018-01-02 00:00:00,119.95
2018-01-03 00:00:00,120.19
2018-01-04 00:00:00,120.34
2018-01-05 00:00:00,120.1
2018-01-08 00:00:00,120.26
2018-01-09 00:00:00,120.15
2018-01-10 00:00:00,120.09
2018-01-11 00:00:00,120.12
2018-01-12 00:00:00,119.93
2018-01-15 00:00:00,119.98
2018-01-16 00:00:00,119.93
2018-01-17 00:00:00,119.89
2018-01-18 00:00:00,119.83
2018-01-19 00:00:00,119.82
2018-01-22 00:00:00,119.74
2018-01-23 00:00:00,119.74
2018-01-24 00:00:00,119.78
2018-01-25 00:00:00,119.8
2018-01-26 00:00:00,119.71
2018-01-29 00:00:00,119.63
2018-01-30 00:00:00,119.49
2018-01-31 00:00:00,119.47
2018-02-01 00:00:00,119.35
2018-02-02 00:00:00,119.2
2018-02-05 00:00:00,119.15
2018-02-06 00:00:00,119.11
2018-02-07 00:00:00,118.98
2018-02-08 00:00:00,119.01
2018-02-09 00:00:00,118.67
2018-02-12 00:00:00,118.28
2018-02-13 00:00:00,118.16
2018-02-14 00:00:00,117.69
2018-02-15 00:00:00,117.76
2018-02-16 00:00:00,118
2018-02-19 00:00:00,118.01
2018-02-20 00:00:00,117.92
2018-02-21 00:00:00,117.99
2018-02-22 00:00:00,118.03
2018-02-23 00:00:00,118.16
2018-02-26 00:00:00,118.13
2018-02-27 00:00:00,118.01
2018-02-28 00:00:00,118.17
2018-03-01 00:00:00,118.22
2018-03-02 00:00:00,118.04
2018-03-05 00:00:00,117.9
2018-03-06 00:00:00,118.11
2018-03-07 00:00:00,118.17
2018-03-08 00:00:00,118.06
2018-03-09 00:00:00,118.09
2018-03-12 00:00:00,118.03
2018-03-13 00:00:00,118.17
2018-03-14 00:00:00,118.21
2018-03-15 00:00:00,118.2
2018-03-16 00:00:00,118.2
2018-03-19 00:00:00,118.09
2018-03-20 00:00:00,118.02
2018-03-21 00:00:00,118.06
2018-03-22 00:00:00,117.97
2018-03-23 00:00:00,117.75
2018-03-26 00:00:00,117.76
2018-03-27 00:00:00,117.94
2018-03-28 00:00:00,118.05
2018-03-29 00:00:00,118.23
2018-03-30 00:00:00,118.26
2018-04-02 00:00:00,118.24
2018-04-03 00:00:00,118.2
2018-04-04 00:00:00,118.23
2018-04-05 00:00:00,118.27
2018-04-06 00:00:00,118.47
2018-04-09 00:00:00,118.34
2018-04-10 00:00:00,118.12
2018-04-11 00:00:00,118.13
2018-04-12 00:00:00,117.96
2018-04-13 00:00:00,117.96
2018-04-16 00:00:00,117.95
2018-04-17 00:00:00,117.85
2018-04-18 00:00:00,117.64
2018-04-19 00:00:00,117.46
2018-04-20 00:00:00,117.3
2018-04-23 00:00:00,117.05
2018-04-24 00:00:00,117.09
2018-04-25 00:00:00,116.84
2018-04-26 00:00:00,116.94
2018-04-27 00:00:00,117.04
2018-04-30 00:00:00,117.13
2018-05-01 00:00:00,117.03
2018-05-02 00:00:00,116.76
2018-05-03 00:00:00,116.66
2018-05-04 00:00:00,116.51
2018-05-07 00:00:00,116.55
2018-05-08 00:00:00,116.57
2018-05-09 00:00:00,116.21
2018-05-10 00:00:00,116.58
2018-05-11 00:00:00,116.82
2018-05-14 00:00:00,117.04
2018-05-15 00:00:00,116.46
2018-05-16 00:00:00,116.53
2018-05-17 00:00:00,116.35
2018-05-18 00:00:00,116.44
2018-05-21 00:00:00,116.37
2018-05-22 00:00:00,116.5
2018-05-23 00:00:00,116.82
2018-05-24 00:00:00,117.09
2018-05-25 00:00:00,117.3
2018-05-28 00:00:00,117.65
2018-05-29 00:00:00,117.94
2018-05-30 00:00:00,117.67
2018-05-31 00:00:00,117.72
2018-06-01 00:00:00,117.52
2018-06-04 00:00:00,117.39
2018-06-05 00:00:00,117.68
2018-06-06 00:00:00,117.3
2018-06-07 00:00:00,117.45
2018-06-08 00:00:00,117.34
2018-06-11 00:00:00,117.34
2018-06-12 00:00:00,117.24
2018-06-13 00:00:00,117.19
2018-06-14 00:00:00,117.39
2018-06-15 00:00:00,117.34
2018-06-18 00:00:00,117.29
2018-06-19 00:00:00,117.11
2018-06-20 00:00:00,117.23
2018-06-21 00:00:00,117.35
2018-06-22 00:00:00,117.5
2018-06-25 00:00:00,117.65
2018-06-26 00:00:00,117.62
2018-06-27 00:00:00,117.86
2018-06-28 00:00:00,117.84
2018-06-29 00:00:00,118.04
2018-07-02 00:00:00,117.97
2018-07-03 00:00:00,118.24
2018-07-04 00:00:00,118.21
2018-07-05 00:00:00,118.71
2018-07-06 00:00:00,118.93
2018-07-09 00:00:00,119.39
2018-07-10 00:00:00,119.22
2018-07-11 00:00:00,119.2
2018-07-12 00:00:00,119.4
2018-07-13 00:00:00,119.8
2018-07-16 00:00:00,119.68
2018-07-17 00:00:00,119.62
2018-07-18 00:00:00,119.52
2018-07-19 00:00:00,119.53
2018-07-20 00:00:00,119.37
2018-07-23 00:00:00,119.22
2018-07-24 00:00:00,119.35
2018-07-25 00:00:00,119.57
2018-07-26 00:00:00,119.53
2018-07-27 00:00:00,119.61
2018-07-30 00:00:00,119.71
2018-07-31 00:00:00,119.66
2018-08-01 00:00:00,119.46
2018-08-02 00:00:00,119.27
2018-08-03 00:00:00,119.3
2018-08-06 00:00:00,119.45
2018-08-07 00:00:00,119.54
2018-08-08 00:00:00,119.57
2018-08-09 00:00:00,119.61
2018-08-10 00:00:00,119.61
2018-08-13 00:00:00,119.27
2018-08-14 00:00:00,119.3
2018-08-15 00:00:00,119.5
2018-08-16 00:00:00,119.45
2018-08-17 00:00:00,119.56
2018-08-20 00:00:00,119.93
2018-08-21 00:00:00,119.86
2018-08-22 00:00:00,120.09
2018-08-23 00:00:00,120.1
2018-08-24 00:00:00,120.12
2018-08-27 00:00:00,119.99
2018-08-28 00:00:00,120.09
2018-08-29 00:00:00,119.94
2018-08-30 00:00:00,119.98
2018-08-31 00:00:00,119.91
2018-09-03 00:00:00,119.87
2018-09-04 00:00:00,119.71
2018-09-05 00:00:00,119.8
2018-09-06 00:00:00,120.02
2018-09-07 00:00:00,119.95
2018-09-10 00:00:00,119.99
2018-09-11 00:00:00,119.84
2018-09-12 00:00:00,119.77
2018-09-13 00:00:00,119.95
2018-09-14 00:00:00,119.88
2018-09-17 00:00:00,119.89
2018-09-18 00:00:00,119.77
2018-09-19 00:00:00,119.51
2018-09-20 00:00:00,119.64
2018-09-21 00:00:00,119.75
2018-09-24 00:00:00,119.86
2018-09-25 00:00:00,119.72
2018-09-26 00:00:00,119.99
2018-09-27 00:00:00,120.41
2018-09-28 00:00:00,120.4
2018-10-01 00:00:00,120.46
2018-10-02 00:00:00,120.36
2018-10-03 00:00:00,120.29
2018-10-04 00:00:00,119.56
2018-10-05 00:00:00,119.47
2018-10-08 00:00:00,119.42
2018-10-09 00:00:00,119.27
2018-10-10 00:00:00,119.26
2018-10-11 00:00:00,119.23
2018-10-12 00:00:00,119.09
2018-10-15 00:00:00,118.91
2018-10-16 00:00:00,119.15
2018-10-17 00:00:00,119.31
2018-10-18 00:00:00,119.07
2018-10-19 00:00:00,118.76
2018-10-22 00:00:00,118.85
2018-10-23 00:00:00,118.94
2018-10-24 00:00:00,119.06
2018-10-25 00:00:00,119.16
2018-10-26 00:00:00,119.45
2018-10-29 00:00:00,119.44
2018-10-30 00:00:00,119.38
2018-10-31 00:00:00,119.36
2018-11-01 00:00:00,119.3
2018-11-02 00:00:00,118.97
2018-11-05 00:00:00,119.12
2018-11-06 00:00:00,119.11
2018-11-07 00:00:00,119.16
2018-11-08 00:00:00,119.16
2018-11-09 00:00:00,119.22
2018-11-12 00:00:00,119.23
2018-11-13 00:00:00,119.08
2018-11-14 00:00:00,119.03
2018-11-15 00:00:00,118.85
2018-11-16 00:00:00,118.96
2018-11-19 00:00:00,119.03
2018-11-20 00:00:00,118.77
2018-11-21 00:00:00,118.79
2018-11-22 00:00:00,118.88
2018-11-23 00:00:00,118.77
2018-11-26 00:00:00,118.66
2018-11-27 00:00:00,118.68
2018-11-28 00:00:00,118.72
2018-11-29 00:00:00,119.24
2018-11-30 00:00:00,119.31
2018-12-03 00:00:00,119.68
2018-12-04 00:00:00,119.95
2018-12-05 00:00:00,119.97
2018-12-06 00:00:00,120.03
2018-12-07 00:00:00,120.12
2018-12-10 00:00:00,120.38
2018-12-11 00:00:00,120.19
2018-12-12 00:00:00,120.15
2018-12-13 00:00:00,120.46
2018-12-14 00:00:00,120.58
2018-12-17 00:00:00,120.68
2018-12-18 00:00:00,120.78
2018-12-19 00:00:00,120.65
2018-12-20 00:00:00,120.54
2018-12-21 00:00:00,120.45
2018-12-24 00:00:00,120.54
2018-12-26 00:00:00,120.6
2018-12-27 00:00:00,120.53
2018-12-28 00:00:00,120.52
2018-12-31 00:00:00,120.66
2019-01-02 00:00:00,120.59
2019-01-03 00:00:00,120.95
2019-01-04 00:00:00,120.96
2019-01-07 00:00:00,121.18
2019-01-08 00:00:00,121.32
2019-01-09 00:00:00,121.17
2019-01-10 00:00:00,121.17
2019-01-11 00:00:00,121.23
2019-01-14 00:00:00,121.25
2019-01-15 00:00:00,121.29
2019-01-16 00:00:00,121.61
2019-01-17 00:00:00,121.6
2019-01-18 00:00:00,121.44
2019-01-21 00:00:00,121.68
2019-01-22 00:00:00,121.77
2019-01-23 00:00:00,121.97
2019-01-24 00:00:00,122.16
2019-01-25 00:00:00,122.23
2019-01-28 00:00:00,122
2019-01-29 00:00:00,122.12
2019-01-30 00:00:00,122.04
2019-01-31 00:00:00,122.68
2019-02-01 00:00:00,122.7
2019-02-04 00:00:00,122.71
2019-02-05 00:00:00,123.03
2019-02-06 00:00:00,123.13
2019-02-07 00:00:00,123.25
2019-02-08 00:00:00,123.09
2019-02-11 00:00:00,123.15
2019-02-12 00:00:00,123.14
2019-02-13 00:00:00,123.2
2019-02-14 00:00:00,123.27
2019-02-15 00:00:00,123.36
2019-02-18 00:00:00,123.34
2019-02-19 00:00:00,123.42
2019-02-20 00:00:00,123.45
2019-02-21 00:00:00,123.38
2019-02-22 00:00:00,123.54
2019-02-25 00:00:00,123.56
2019-02-26 00:00:00,123.74
2019-02-27 00:00:00,123.89
2019-02-28 00:00:00,123.91
2019-03-01 00:00:00,123.85
2019-03-04 00:00:00,123.86
2019-03-05 00:00:00,123.48
2019-03-06 00:00:00,123.72
2019-03-07 00:00:00,123.56
2019-03-08 00:00:00,123.63
2019-03-11 00:00:00,123.57
2019-03-12 00:00:00,123.89
2019-03-13 00:00:00,123.81
2019-03-14 00:00:00,123.78
2019-03-15 00:00:00,123.87
2019-03-18 00:00:00,124.14
2019-03-19 00:00:00,124.31
2019-03-20 00:00:00,124.45
2019-03-21 00:00:00,125.04
2019-03-22 00:00:00,125.17
2019-03-25 00:00:00,125.58
2019-03-26 00:00:00,125.51
2019-03-27 00:00:00,125.59
2019-03-28 00:00:00,125.56
2019-03-29 00:00:00,125.62
2019-04-01 00:00:00,125.37
2019-04-02 00:00:00,125.61
2019-04-03 00:00:00,125.68
2019-04-04 00:00:00,125.89
2019-04-05 00:00:00,125.91
2019-04-08 00:00:00,126.17
2019-04-09 00:00:00,126.48
2019-04-10 00:00:00,126.36
2019-04-11 00:00:00,126.17
2019-04-12 00:00:00,125.81
2019-04-15 00:00:00,125.87
2019-04-16 00:00:00,125.69
2019-04-17 00:00:00,125.74
2019-04-18 00:00:00,125.94
2019-04-19 00:00:00,125.96
2019-04-22 00:00:00,126.01
2019-04-23 00:00:00,126.07
2019-04-24 00:00:00,126.38
2019-04-25 00:00:00,126.33
2019-04-26 00:00:00,126.59
2019-04-29 00:00:00,126.58
2019-04-30 00:00:00,126.72
2019-05-01 00:00:00,126.96
2019-05-02 00:00:00,126.7
2019-05-03 00:00:00,126.86
2019-05-06 00:00:00,127.02
2019-05-07 00:00:00,127.14
2019-05-08 00:00:00,126.89
2019-05-09 00:00:00,126.96
2019-05-10 00:00:00,127.16
2019-05-13 00:00:00,127.2
2019-05-14 00:00:00,126.8
2019-05-15 00:00:00,126.91
2019-05-16 00:00:00,126.93
2019-05-17 00:00:00,126.86
2019-05-20 00:00:00,126.74
2019-05-21 00:00:00,126.84
2019-05-22 00:00:00,127.17
2019-05-23 00:00:00,127.35
2019-05-24 00:00:00,127.28
2019-05-27 00:00:00,127.4
2019-05-28 00:00:00,127.73
2019-05-29 00:00:00,128.01
2019-05-30 00:00:00,128.18
2019-05-31 00:00:00,128.23
2019-06-03 00:00:00,128.44
2019-06-04 00:00:00,128.45
2019-06-05 00:00:00,128.8
2019-06-06 00:00:00,129.13
2019-06-07 00:00:00,129.42
2019-06-10 00:00:00,129.58
2019-06-11 00:00:00,129.58
2019-06-12 00:00:00,129.56
2019-06-13 00:00:00,129.49
2019-06-14 00:00:00,129.6
2019-06-17 00:00:00,129.58
2019-06-18 00:00:00,129.87
2019-06-19 00:00:00,129.99
2019-06-20 00:00:00,130.84
2019-06-21 00:00:00,130.39
2019-06-24 00:00:00,130.61
2019-06-25 00:00:00,130.58
2019-06-26 00:00:00,130.59
2019-06-27 00:00:00,130.79
2019-06-28 00:00:00,130.97
2019-07-01 00:00:00,131.16
2019-07-02 00:00:00,131.76
2019-07-03 00:00:00,131.96
2019-07-04 00:00:00,132.16
2019-07-05 00:00:00,131.85
2019-07-08 00:00:00,131.87
2019-07-09 00:00:00,131.68
2019-07-10 00:00:00,131.68
2019-07-11 00:00:00,131.5
2019-07-12 00:00:00,131.53
2019-07-15 00:00:00,131.71
2019-07-16 00:00:00,131.92
2019-07-17 00:00:00,132.07
2019-07-18 00:00:00,131.9
2019-07-19 00:00:00,132.12
2019-07-22 00:00:00,132.09
2019-07-23 00:00:00,132.18
2019-07-24 00:00:00,132.47
2019-07-25 00:00:00,132.33
2019-07-26 00:00:00,132.56
2019-07-29 00:00:00,132.64
2019-07-30 00:00:00,132.62
2019-07-31 00:00:00,132.73
2019-08-01 00:00:00,132.82
2019-08-02 00:00:00,133.34
2019-08-05 00:00:00,133.82
2019-08-06 00:00:00,133.64
2019-08-07 00:00:00,134.35
2019-08-08 00:00:00,134.33
2019-08-09 00:00:00,134.81
2019-08-12 00:00:00,135.01
2019-08-13 00:00:00,134.98
2019-08-14 00:00:00,135.83
2019-08-15 00:00:00,136.42
2019-08-16 00:00:00,136.4
2019-08-19 00:00:00,136.11
2019-08-20 00:00:00,136.16
2019-08-21 00:00:00,136.35
2019-08-22 00:00:00,136.48
2019-08-23 00:00:00,137.07
2019-08-26 00:00:00,136.66
2019-08-27 00:00:00,137.29
2019-08-28 00:00:00,137.67
2019-08-29 00:00:00,137.83
2019-08-30 00:00:00,137.82
2019-09-02 00:00:00,138.09
2019-09-03 00:00:00,138.23
2019-09-04 00:00:00,138.55
2019-09-05 00:00:00,138.18
2019-09-06 00:00:00,137.85
2019-09-09 00:00:00,137.58
2019-09-10 00:00:00,137.11
2019-09-11 00:00:00,136.79
2019-09-12 00:00:00,136.82
2019-09-13 00:00:00,135.98
2019-09-16 00:00:00,135.94
2019-09-17 00:00:00,135.73
2019-09-18 00:00:00,135.88
2019-09-19 00:00:00,135.87
2019-09-20 00:00:00,136.14
2019-09-23 00:00:00,136.31
2019-09-24 00:00:00,136.25
2019-09-25 00:00:00,135.75
2019-09-26 00:00:00,135.64
2019-09-27 00:00:00,135.96
2019-09-30 00:00:00,135.96
2019-10-01 00:00:00,135.81
2019-10-02 00:00:00,136.12
2019-10-03 00:00:00,136.02
2019-10-04 00:00:00,136.42
2019-10-07 00:00:00,136.49
2019-10-08 00:00:00,136.32
2019-10-09 00:00:00,136.17
2019-10-10 00:00:00,135.82
2019-10-11 00:00:00,135.61
2019-10-14 00:00:00,135.63
2019-10-15 00:00:00,135.69
2019-10-16 00:00:00,135.92
2019-10-17 00:00:00,135.84
2019-10-18 00:00:00,135.77
2019-10-21 00:00:00,135.36
2019-10-22 00:00:00,135.46
2019-10-23 00:00:00,135.67
2019-10-24 00:00:00,135.78
2019-10-25 00:00:00,135.59
2019-10-28 00:00:00,135.48
2019-10-29 00:00:00,135.43
2019-10-30 00:00:00,135.31
2019-10-31 00:00:00,135.89
2019-11-01 00:00:00,135.78
2019-11-04 00:00:00,135.8
2019-11-05 00:00:00,135.36
2019-11-06 00:00:00,135.44
2019-11-07 00:00:00,134.82
2019-11-08 00:00:00,135.04
2019-11-11 00:00:00,135.01
2019-11-12 00:00:00,135.08
2019-11-13 00:00:00,135.06
2019-11-14 00:00:00,135.65
2019-11-15 00:00:00,135.62
2019-11-18 00:00:00,135.61
2019-11-19 00:00:00,135.85
2019-11-20 00:00:00,136.07
2019-11-21 00:00:00,135.95
2019-11-22 00:00:00,136.15
2019-11-25 00:00:00,136.21
2019-11-26 00:00:00,136.37
2019-11-27 00:00:00,136.5
2019-11-28 00:00:00,136.37
2019-11-29 00:00:00,136.51
2019-12-02 00:00:00,136.18
2019-12-03 00:00:00,136.45
2019-12-04 00:00:00,136.53
2019-12-05 00:00:00,136.58
2019-12-06 00:00:00,136.32
2019-12-09 00:00:00,136.53
2019-12-10 00:00:00,136.65
2019-12-11 00:00:00,136.83
2019-12-12 00:00:00,136.77
2019-12-13 00:00:00,137.12
2019-12-16 00:00:00,136.73
2019-12-17 00:00:00,136.96
2019-12-18 00:00:00,136.89
2019-12-19 00:00:00,137.21
2019-12-20 00:00:00,137.02
2019-12-23 00:00:00,136.88
2019-12-24 00:00:00,137.07
2019-12-26 00:00:00,137.07
2019-12-27 00:00:00,137.16
2019-12-30 00:00:00,137.1
2019-12-31 00:00:00,137.01
2020-01-02 00:00:00,136.83
2020-01-03 00:00:00,136.92
2020-01-06 00:00:00,136.53
2020-01-07 00:00:00,136.69
2020-01-08 00:00:00,136.58
2020-01-09 00:00:00,136.89
2020-01-10 00:00:00,137.06
2020-01-13 00:00:00,137.02
2020-01-14 00:00:00,136.96
2020-01-15 00:00:00,137.28
2020-01-16 00:00:00,137.46
2020-01-17 00:00:00,137.66
2020-01-20 00:00:00,137.6
2020-01-21 00:00:00,137.67
2020-01-22 00:00:00,137.73
2020-01-23 00:00:00,137.85
2020-01-24 00:00:00,137.92
2020-01-27 00:00:00,138.1
2020-01-28 00:00:00,138.28
2020-01-29 00:00:00,138.62
2020-01-30 00:00:00,139.14
2020-01-31 00:00:00,139.15
2020-02-03 00:00:00,139.47
2020-02-04 00:00:00,138.95
2020-02-05 00:00:00,138.9
2020-02-06 00:00:00,139.09
2020-02-07 00:00:00,139.43
2020-02-10 00:00:00,139.69
2020-02-11 00:00:00,139.57
2020-02-12 00:00:00,139.6
2020-02-13 00:00:00,139.8
2020-02-14 00:00:00,139.89
2020-02-17 00:00:00,140.02
2020-02-18 00:00:00,140.05
2020-02-19 00:00:00,140.13
2020-02-20 00:00:00,140.45
2020-02-21 00:00:00,140.86
2020-02-24 00:00:00,141.57
2020-02-25 00:00:00,141.52
2020-02-26 00:00:00,141.07
2020-02-27 00:00:00,140.37
2020-02-28 00:00:00,140.17
2020-03-02 00:00:00,140.74
2020-03-03 00:00:00,141.38
2020-03-04 00:00:00,141.76
2020-03-05 00:00:00,142.66
2020-03-06 00:00:00,143.17
2020-03-09 00:00:00,141.69
2020-03-10 00:00:00,139.99
2020-03-11 00:00:00,138.82
2020-03-12 00:00:00,135.61
2020-03-13 00:00:00,134.94
2020-03-16 00:00:00,133.12
2020-03-17 00:00:00,132.59
2020-03-18 00:00:00,128.75
2020-03-19 00:00:00,125.56
2020-03-20 00:00:00,127
2020-03-23 00:00:00,126.62
2020-03-24 00:00:00,127.19
2020-03-25 00:00:00,129.99
2020-03-26 00:00:00,130.71
2020-03-27 00:00:00,131.61
2020-03-30 00:00:00,130.65
2020-03-31 00:00:00,130.98
2020-04-01 00:00:00,131.11
2020-04-02 00:00:00,130.66
2020-04-03 00:00:00,131.51
2020-04-06 00:00:00,131.24
2020-04-07 00:00:00,130.76
2020-04-08 00:00:00,130.37
2020-04-09 00:00:00,131.11
2020-04-10 00:00:00,131.23
2020-04-13 00:00:00,131.23
2020-04-14 00:00:00,132.38
2020-04-15 00:00:00,132.18
2020-04-16 00:00:00,132.46
2020-04-17 00:00:00,132.76
2020-04-20 00:00:00,132.81
2020-04-21 00:00:00,132.22
2020-04-22 00:00:00,132.17
2020-04-23 00:00:00,133.18
2020-04-24 00:00:00,133.5
2020-04-27 00:00:00,133.7
2020-04-28 00:00:00,133.85
2020-04-29 00:00:00,134.34
2020-04-30 00:00:00,135.71
2020-05-01 00:00:00,135.71
2020-05-04 00:00:00,135.5
2020-05-05 00:00:00,136.22
2020-05-06 00:00:00,136.24
2020-05-07 00:00:00,136.66
2020-05-08 00:00:00,136.66
2020-05-11 00:00:00,136.97
2020-05-12 00:00:00,137.28
2020-05-13 00:00:00,137.21
2020-05-14 00:00:00,136.94
2020-05-15 00:00:00,137.35
2020-05-18 00:00:00,138.14
2020-05-19 00:00:00,138.49
2020-05-20 00:00:00,139.31
2020-05-21 00:00:00,140.05
2020-05-22 00:00:00,139.59
2020-05-25 00:00:00,139.57
2020-05-26 00:00:00,139.85
2020-05-27 00:00:00,140.26
2020-05-28 00:00:00,139.83
2020-05-29 00:00:00,139.73
2020-06-01 00:00:00,139.66
2020-06-02 00:00:00,139.8
2020-06-03 00:00:00,139.99
2020-06-04 00:00:00,140.15
2020-06-05 00:00:00,139.71
2020-06-08 00:00:00,140.18
2020-06-09 00:00:00,140.57
2020-06-10 00:00:00,141.02
2020-06-11 00:00:00,140.83
2020-06-12 00:00:00,140.85
2020-06-15 00:00:00,140.2
2020-06-16 00:00:00,141.41
2020-06-17 00:00:00,141.46
2020-06-18 00:00:00,141.59
2020-06-19 00:00:00,142.34
2020-06-22 00:00:00,142.55
2020-06-23 00:00:00,142.5
2020-06-24 00:00:00,142.64
2020-06-25 00:00:00,142.61
2020-06-26 00:00:00,142.98
2020-06-29 00:00:00,142.93
2020-06-30 00:00:00,142.76
2020-07-01 00:00:00,143.29
2020-07-02 00:00:00,144.22
2020-07-03 00:00:00,144.37
2020-07-06 00:00:00,144.8
2020-07-07 00:00:00,144.8
2020-07-08 00:00:00,144.41
2020-07-09 00:00:00,144.71
2020-07-10 00:00:00,144.52
2020-07-13 00:00:00,144.91
2020-07-14 00:00:00,144.91
2020-07-15 00:00:00,145.15
2020-07-16 00:00:00,145.31
2020-07-17 00:00:00,145.52
2020-07-20 00:00:00,146.02
2020-07-21 00:00:00,146.59
2020-07-22 00:00:00,147.12
2020-07-23 00:00:00,147.4
2020-07-24 00:00:00,147.08
2020-07-27 00:00:00,147.3
2020-07-28 00:00:00,147.26
2020-07-29 00:00:00,147.41
2020-07-30 00:00:00,147.89
2020-07-31 00:00:00,148.48
2020-08-03 00:00:00,148.58
2020-08-04 00:00:00,148.71
2020-08-05 00:00:00,149.13
2020-08-06 00:00:00,149.62
2020-08-07 00:00:00,149.82
2020-08-10 00:00:00,149.83
2020-08-11 00:00:00,149.38
2020-08-12 00:00:00,148.66
2020-08-13 00:00:00,148.74
2020-08-14 00:00:00,148.3
2020-08-17 00:00:00,148.11
2020-08-18 00:00:00,147.9
2020-08-19 00:00:00,148.03
2020-08-20 00:00:00,147.93
2020-08-21 00:00:00,148.11
2020-08-24 00:00:00,148.24
2020-08-25 00:00:00,147.81
2020-08-26 00:00:00,147.52
2020-08-27 00:00:00,146.89
2020-08-28 00:00:00,146.86
2020-08-31 00:00:00,147.08
2020-09-01 00:00:00,147.27
2020-09-02 00:00:00,147.82
2020-09-03 00:00:00,148.35
2020-09-04 00:00:00,148.05
2020-09-07 00:00:00,147.62
2020-09-08 00:00:00,147.77
2020-09-09 00:00:00,147.53
2020-09-10 00:00:00,147.53
2020-09-11 00:00:00,147.56
2020-09-14 00:00:00,147.54
2020-09-15 00:00:00,147.58
2020-09-16 00:00:00,147.6
2020-09-17 00:00:00,147.59
2020-09-18 00:00:00,147.28
2020-09-21 00:00:00,146.9
2020-09-22 00:00:00,146.63
2020-09-23 00:00:00,146.47
2020-09-24 00:00:00,146.08
2020-09-25 00:00:00,146.14
2020-09-28 00:00:00,146.4
2020-09-29 00:00:00,146.65
2020-09-30 00:00:00,146.48
2020-10-01 00:00:00,147.09
2020-10-02 00:00:00,146.7
2020-10-05 00:00:00,146.79
2020-10-06 00:00:00,146.92
2020-10-07 00:00:00,147.18
2020-10-08 00:00:00,147.68
2020-10-09 00:00:00,148.05
2020-10-12 00:00:00,148.28
2020-10-13 00:00:00,148.42
2020-10-14 00:00:00,148.49
2020-10-15 00:00:00,148.56
2020-10-16 00:00:00,148.67
2020-10-19 00:00:00,148.68
2020-10-20 00:00:00,148.56
2020-10-21 00:00:00,148.07
2020-10-22 00:00:00,147.59
2020-10-23 00:00:00,147.46
2020-10-26 00:00:00,147.64
2020-10-27 00:00:00,147.69
2020-10-28 00:00:00,147.53
2020-10-29 00:00:00,147.06
2020-10-30 00:00:00,146.75
2020-11-02 00:00:00,146.58
2020-11-03 00:00:00,146.65
2020-11-04 00:00:00,147.51
2020-11-05 00:00:00,148.54
2020-11-06 00:00:00,148.43
2020-11-09 00:00:00,148.52
2020-11-10 00:00:00,148.39
2020-11-11 00:00:00,148.35
2020-11-12 00:00:00,148.68
2020-11-13 00:00:00,148.93
2020-11-16 00:00:00,148.84
2020-11-17 00:00:00,148.97
2020-11-18 00:00:00,149.23
2020-11-19 00:00:00,149.38
2020-11-20 00:00:00,149.45
2020-11-23 00:00:00,149.25
2020-11-24 00:00:00,149.02
2020-11-25 00:00:00,149.06
2020-11-26 00:00:00,149.05
2020-11-27 00:00:00,149.1
2020-11-30 00:00:00,149.16
2020-12-01 00:00:00,149.04
2020-12-02 00:00:00,148.99
2020-12-03 00:00:00,149.22
2020-12-04 00:00:00,149.05
2020-12-07 00:00:00,149.1
2020-12-08 00:00:00,148.99
2020-12-09 00:00:00,148.96
2020-12-10 00:00:00,148.87
2020-12-11 00:00:00,149.02
2020-12-14 00:00:00,149.36
2020-12-15 00:00:00,149.16
2020-12-16 00:00:00,149.34
2020-12-17 00:00:00,149.57
2020-12-18 00:00:00,149.6
2020-12-21 00:00:00,149.59
2020-12-22 00:00:00,149.63
2020-12-23 00:00:00,149.51
2020-12-24 00:00:00,149.64
2020-12-28 00:00:00,149.64
2020-12-29 00:00:00,149.75
2020-12-30 00:00:00,149.43
2020-12-31 00:00:00,149.56
2021-01-04 00:00:00,149.29
2021-01-05 00:00:00,149.01
2021-01-06 00:00:00,148.37
2021-01-07 00:00:00,148.1
2021-01-08 00:00:00,148.14
2021-01-11 00:00:00,148.26
2021-01-12 00:00:00,147.67
2021-01-13 00:00:00,147.95
2021-01-14 00:00:00,148.29
2021-01-15 00:00:00,148.26
2021-01-18 00:00:00,148.23
2021-01-19 00:00:00,148.42
2021-01-20 00:00:00,148.41
2021-01-21 00:00:00,148.49
2021-01-22 00:00:00,148.55
2021-01-25 00:00:00,148.69
2021-01-26 00:00:00,148.78
2021-01-27 00:00:00,148.88
2021-01-28 00:00:00,148.75
2021-01-29 00:00:00,148.71
2021-02-01 00:00:00,148.6
2021-02-02 00:00:00,148.55
2021-02-03 00:00:00,148.38
2021-02-04 00:00:00,148.29
2021-02-05 00:00:00,148.47
2021-02-08 00:00:00,148.54
2021-02-09 00:00:00,148.44
2021-02-10 00:00:00,148.39
2021-02-11 00:00:00,148.44
2021-02-12 00:00:00,148.23
2021-02-15 00:00:00,147.94
2021-02-16 00:00:00,147.52
2021-02-17 00:00:00,147.14
2021-02-18 00:00:00,147.42
2021-02-19 00:00:00,147.32
2021-02-22 00:00:00,146.78
2021-02-23 00:00:00,146.5
2021-02-24 00:00:00,146.24
2021-02-25 00:00:00,145.64
2021-02-26 00:00:00,145.28
2021-03-01 00:00:00,145.5
2021-03-02 00:00:00,145.71
2021-03-03 00:00:00,145.44
2021-03-04 00:00:00,145.22
2021-03-05 00:00:00,144.24
2021-03-08 00:00:00,143.71
2021-03-09 00:00:00,143.72
2021-03-10 00:00:00,143.9
2021-03-11 00:00:00,144.29
2021-03-12 00:00:00,143.72
2021-03-15 00:00:00,144.01
2021-03-16 00:00:00,144.08
2021-03-17 00:00:00,144.03
2021-03-18 00:00:00,143.69
2021-03-19 00:00:00,144.09
2021-03-22 00:00:00,144.2
2021-03-23 00:00:00,144.44
2021-03-24 00:00:00,144.68
2021-03-25 00:00:00,144.77
2021-03-26 00:00:00,144.61
2021-03-29 00:00:00,144.51
2021-03-30 00:00:00,144.26
2021-03-31 00:00:00,144.3
2021-04-01 00:00:00,144.44
2021-04-02 00:00:00,144.21
2021-04-05 00:00:00,144.44
2021-04-06 00:00:00,144.83
2021-04-07 00:00:00,145.05
2021-04-08 00:00:00,145.17
2021-04-09 00:00:00,145.17
2021-04-12 00:00:00,145.23
2021-04-13 00:00:00,145.16
2021-04-14 00:00:00,145.29
2021-04-15 00:00:00,146.08
2021-04-16 00:00:00,146.17
2021-04-19 00:00:00,146.42
2021-04-20 00:00:00,146.36
2021-04-21 00:00:00,146.12
2021-04-22 00:00:00,146.33
2021-04-23 00:00:00,146.24
2021-04-26 00:00:00,146.36
2021-04-27 00:00:00,146.04
2021-04-28 00:00:00,145.59
2021-04-29 00:00:00,145.4
2021-04-30 00:00:00,145.55
2021-05-03 00:00:00,145.57
2021-05-04 00:00:00,145.64
2021-05-05 00:00:00,145.85
2021-05-06 00:00:00,146.11
2021-05-07 00:00:00,146.21
2021-05-10 00:00:00,146.44
2021-05-11 00:00:00,146.22
2021-05-12 00:00:00,145.94
2021-05-13 00:00:00,145.84
2021-05-14 00:00:00,146.33
2021-05-17 00:00:00,146.56
2021-05-18 00:00:00,146.57
2021-05-19 00:00:00,146.45
2021-05-20 00:00:00,146.5
2021-05-21 00:00:00,146.5
2021-05-24 00:00:00,146.75
2021-05-25 00:00:00,146.92
2021-05-26 00:00:00,147.09
2021-05-27 00:00:00,147.01
2021-05-28 00:00:00,147.14
2021-05-31 00:00:00,147.16
2021-06-01 00:00:00,147.04
2021-06-02 00:00:00,147.15
2021-06-03 00:00:00,146.89
2021-06-04 00:00:00,147
2021-06-07 00:00:00,147.15
2021-06-08 00:00:00,147.43
2021-06-09 00:00:00,147.74
2021-06-10 00:00:00,147.97
2021-06-11 00:00:00,148.23
2021-06-14 00:00:00,148.23
2021-06-15 00:00:00,147.9
2021-06-16 00:00:00,147.85
2021-06-17 00:00:00,147.86
2021-06-18 00:00:00,148.36
2021-06-21 00:00:00,148.8
2021-06-22 00:00:00,148.51
2021-06-23 00:00:00,148.51
2021-06-24 00:00:00,148.55
2021-06-25 00:00:00,148.37
2021-06-28 00:00:00,148.63
2021-06-29 00:00:00,148.66
2021-06-30 00:00:00,148.82
2021-07-01 00:00:00,148.61
2021-07-02 00:00:00,148.63
2021-07-05 00:00:00,148.67
2021-07-06 00:00:00,148.68
2021-07-07 00:00:00,148.81
2021-07-08 00:00:00,149.03
2021-07-09 00:00:00,148.82
2021-07-12 00:00:00,148.8
2021-07-13 00:00:00,148.75
2021-07-14 00:00:00,148.8
2021-07-15 00:00:00,148.95
2021-07-16 00:00:00,148.95
2021-07-19 00:00:00,149.3
2021-07-20 00:00:00,149.15
2021-07-21 00:00:00,149.23
2021-07-22 00:00:00,149.45
2021-07-23 00:00:00,149.52
2021-07-26 00:00:00,149.51
2021-07-27 00:00:00,149.63
2021-07-28 00:00:00,149.57
2021-07-29 00:00:00,149.66
2021-07-30 00:00:00,149.71
2021-08-02 00:00:00,149.86
2021-08-03 00:00:00,149.93
2021-08-04 00:00:00,149.99
2021-08-05 00:00:00,150.06
2021-08-06 00:00:00,149.79
2021-08-09 00:00:00,149.7
2021-08-10 00:00:00,149.56
2021-08-11 00:00:00,149.47
2021-08-12 00:00:00,149.53
2021-08-13 00:00:00,149.57
2021-08-16 00:00:00,149.82
2021-08-17 00:00:00,149.86
2021-08-18 00:00:00,149.75
2021-08-19 00:00:00,150.11
2021-08-20 00:00:00,150.23
2021-08-23 00:00:00,150.33
2021-08-24 00:00:00,150.24
2021-08-25 00:00:00,149.98
2021-08-26 00:00:00,149.94
2021-08-27 00:00:00,150
2021-08-30 00:00:00,149.99
2021-08-31 00:00:00,150.04
2021-09-01 00:00:00,150.01
2021-09-02 00:00:00,150.22
2021-09-03 00:00:00,150.22
2021-09-06 00:00:00,150.26
2021-09-07 00:00:00,149.98
2021-09-08 00:00:00,150
2021-09-09 00:00:00,150.16
2021-09-10 00:00:00,150.2
2021-09-13 00:00:00,150.26
2021-09-14 00:00:00,150.62
2021-09-15 00:00:00,150.45
2021-09-16 00:00:00,150.62
2021-09-17 00:00:00,150.51
2021-09-20 00:00:00,150.38
2021-09-21 00:00:00,150.49
2021-09-22 00:00:00,150.46
2021-09-23 00:00:00,150.05
2021-09-24 00:00:00,149.72
2021-09-27 00:00:00,149.58
2021-09-28 00:00:00,149.12
2021-09-29 00:00:00,149.02
2021-09-30 00:00:00,149.06
2021-10-01 00:00:00,149
2021-10-04 00:00:00,148.91
2021-10-05 00:00:00,148.73
2021-10-06 00:00:00,148.41
2021-10-07 00:00:00,148.52
2021-10-08 00:00:00,148.1
2021-10-11 00:00:00,148.04
2021-10-12 00:00:00,147.89
2021-10-13 00:00:00,148.09
2021-10-14 00:00:00,148.4
2021-10-15 00:00:00,148.35
2021-10-18 00:00:00,148.28
2021-10-19 00:00:00,148.19
2021-10-20 00:00:00,148.14
2021-10-21 00:00:00,148.17
2021-10-22 00:00:00,148.21
2021-10-25 00:00:00,148.29
2021-10-26 00:00:00,148.28
2021-10-27 00:00:00,148.6
2021-10-28 00:00:00,148.92
2021-10-29 00:00:00,148.99
2021-11-01 00:00:00,148.97
2021-11-02 00:00:00,149.01
2021-11-03 00:00:00,149.02
2021-11-04 00:00:00,149.2
2021-11-05 00:00:00,149.66
2021-11-08 00:00:00,150.03
2021-11-09 00:00:00,150.27
2021-11-10 00:00:00,150.07
2021-11-11 00:00:00,149.7
2021-11-12 00:00:00,149.65
2021-11-15 00:00:00,149.27
2021-11-16 00:00:00,149.35
2021-11-17 00:00:00,149.27
2021-11-18 00:00:00,149.49
2021-11-19 00:00:00,149.74
2021-11-22 00:00:00,149.41
2021-11-23 00:00:00,148.97
2021-11-24 00:00:00,148.94
2021-11-25 00:00:00,148.95
2021-11-26 00:00:00,149.32
2021-11-29 00:00:00,148.89
2021-11-30 00:00:00,149.01
2021-12-01 00:00:00,149.32
2021-12-02 00:00:00,149.83
2021-12-03 00:00:00,150.22
2021-12-06 00:00:00,150.04
2021-12-07 00:00:00,149.85
2021-12-08 00:00:00,149.67
2021-12-09 00:00:00,149.84
2021-12-10 00:00:00,150.25
2021-12-13 00:00:00,150.17
2021-12-14 00:00:00,150.54
2021-12-15 00:00:00,150.41
2021-12-16 00:00:00,150.26
2021-12-17 00:00:00,150.14
2021-12-20 00:00:00,150.44
2021-12-21 00:00:00,150.12
2021-12-22 00:00:00,150.2
2021-12-23 00:00:00,150.12
2021-12-24 00:00:00,150.08
2021-12-27 00:00:00,150.02
2021-12-28 00:00:00,150.07
2021-12-29 00:00:00,149.87
2021-12-30 00:00:00,150.11
2021-12-31 00:00:00,150.15
2022-01-03 00:00:00,149.91
2022-01-04 00:00:00,149.37
2022-01-05 00:00:00,149.01
2022-01-06 00:00:00,148.05
2022-01-07 00:00:00,147.74
2022-01-10 00:00:00,147.5
2022-01-11 00:00:00,147.64
2022-01-12 00:00:00,147.62
2022-01-13 00:00:00,147.67
2022-01-14 00:00:00,147.39
2022-01-17 00:00:00,147.25
2022-01-18 00:00:00,146.53
2022-01-19 00:00:00,146.49
2022-01-20 00:00:00,146.53
2022-01-21 00:00:00,147.21
2022-01-24 00:00:00,147.4
2022-01-25 00:00:00,147.1
2022-01-26 00:00:00,146.82
2022-01-27 00:00:00,146.55
2022-01-28 00:00:00,146.77
2022-01-31 00:00:00,146.67
2022-02-01 00:00:00,146.56
2022-02-02 00:00:00,146.8
2022-02-03 00:00:00,146.71
2022-02-04 00:00:00,146.11
2022-02-07 00:00:00,145.64
2022-02-08 00:00:00,145.28
2022-02-09 00:00:00,145.09
2022-02-10 00:00:00,144.55
2022-02-11 00:00:00,144.51
2022-02-14 00:00:00,144.38
2022-02-15 00:00:00,144.19
2022-02-16 00:00:00,144.1
2022-02-17 00:00:00,144.38
2022-02-18 00:00:00,144.41
2022-02-21 00:00:00,144.41
2022-02-22 00:00:00,144.56
2022-02-23 00:00:00,144.46
2022-02-24 00:00:00,143.91
2022-02-25 00:00:00,144.24
2022-02-28 00:00:00,144.3
2022-03-01 00:00:00,145.38
2022-03-02 00:00:00,145.35
2022-03-03 00:00:00,145.4
2022-03-04 00:00:00,145.47
2022-03-07 00:00:00,145.29
2022-03-08 00:00:00,145.02
2022-03-09 00:00:00,144.65
2022-03-10 00:00:00,144.5
2022-03-11 00:00:00,143.9
2022-03-14 00:00:00,143.37
2022-03-15 00:00:00,142.84
2022-03-16 00:00:00,142.27
2022-03-17 00:00:00,142.26
2022-03-18 00:00:00,142.32
2022-03-21 00:00:00,142.23
2022-03-22 00:00:00,141.32
2022-03-23 00:00:00,140.9
2022-03-24 00:00:00,141.21
2022-03-25 00:00:00,140.95
2022-03-28 00:00:00,140.19
2022-03-29 00:00:00,140.11
2022-03-30 00:00:00,140.95
2022-03-31 00:00:00,141.7
2022-04-01 00:00:00,141.54
2022-04-04 00:00:00,141.55
2022-04-05 00:00:00,141.3
2022-04-06 00:00:00,140.8
2022-04-07 00:00:00,140.48
2022-04-08 00:00:00,139.87
2022-04-11 00:00:00,138.85
2022-04-12 00:00:00,138.37
2022-04-13 00:00:00,138.5
2022-04-14 00:00:00,138.16
2022-04-15 00:00:00,138.01
2022-04-18 00:00:00,137.73
2022-04-19 00:00:00,137.58
2022-04-20 00:00:00,137.66
2022-04-21 00:00:00,137.23
2022-04-22 00:00:00,136.72
2022-04-25 00:00:00,136.89
2022-04-26 00:00:00,137.07
2022-04-27 00:00:00,136.98
2022-04-28 00:00:00,136.71
2022-04-29 00:00:00,136.23
2022-05-02 00:00:00,135.73
2022-05-03 00:00:00,135.35
2022-05-04 00:00:00,135.24
2022-05-05 00:00:00,134.71
2022-05-06 00:00:00,133.87
2022-05-09 00:00:00,133.62
2022-05-10 00:00:00,133.51
2022-05-11 00:00:00,133.84
2022-05-12 00:00:00,134.03
2022-05-13 00:00:00,134.09
2022-05-16 00:00:00,134.25
2022-05-17 00:00:00,133.81
2022-05-18 00:00:00,134.08
2022-05-19 00:00:00,134.41
2022-05-20 00:00:00,134.79
2022-05-23 00:00:00,134.74
2022-05-24 00:00:00,135.16
2022-05-25 00:00:00,135.91
2022-05-26 00:00:00,136.04
2022-05-27 00:00:00,136.52
2022-05-30 00:00:00,136.43
2022-05-31 00:00:00,136.49
2022-06-01 00:00:00,136.3
2022-06-02 00:00:00,136.15
2022-06-03 00:00:00,135.83
2022-06-06 00:00:00,135.63
2022-06-07 00:00:00,135.93
2022-06-08 00:00:00,135.61
2022-06-09 00:00:00,135.18
2022-06-10 00:00:00,134.36
2022-06-13 00:00:00,133.08
2022-06-14 00:00:00,132.26
2022-06-15 00:00:00,132.24
2022-06-16 00:00:00,132.51
2022-06-17 00:00:00,132.54
2022-06-20 00:00:00,132.52
2022-06-21 00:00:00,132.35
2022-06-22 00:00:00,132.8
2022-06-23 00:00:00,133
2022-06-24 00:00:00,133.04
2022-06-27 00:00:00,133.03
2022-06-28 00:00:00,132.91
2022-06-29 00:00:00,133.27
2022-06-30 00:00:00,133.05
2022-07-01 00:00:00,133.45
2022-07-04 00:00:00,133.45
2022-07-05 00:00:00,134.35
2022-07-06 00:00:00,134.16
2022-07-07 00:00:00,134.05
2022-07-08 00:00:00,133.85
2022-07-11 00:00:00,134.16
2022-07-12 00:00:00,133.99
2022-07-13 00:00:00,134.1
2022-07-14 00:00:00,133.99
2022-07-15 00:00:00,133.79
2022-07-18 00:00:00,133.69
2022-07-19 00:00:00,134
2022-07-20 00:00:00,133.75
2022-07-21 00:00:00,134.56
2022-07-22 00:00:00,134.89
2022-07-25 00:00:00,135.4
2022-07-26 00:00:00,135.65
2022-07-27 00:00:00,135.74
2022-07-28 00:00:00,136.07
2022-07-29 00:00:00,137.03
2022-08-01 00:00:00,137.01
2022-08-02 00:00:00,137.1
2022-08-03 00:00:00,137.23
2022-08-04 00:00:00,137.15
2022-08-05 00:00:00,137.02
2022-08-08 00:00:00,137.05
2022-08-09 00:00:00,136.99
2022-08-10 00:00:00,137.04
2022-08-11 00:00:00,137.12
2022-08-12 00:00:00,136.85
2022-08-15 00:00:00,136.82
2022-08-16 00:00:00,136.88
2022-08-17 00:00:00,136.64
2022-08-18 00:00:00,136.79
2022-08-19 00:00:00,136.17
2022-08-22 00:00:00,135.73
2022-08-23 00:00:00,135.81
2022-08-24 00:00:00,135.46
2022-08-25 00:00:00,135.62
2022-08-26 00:00:00,135.54
2022-08-29 00:00:00,135.5
2022-08-30 00:00:00,135.33
2022-08-31 00:00:00,135.16
2022-09-01 00:00:00,134.19
2022-09-02 00:00:00,133.67
2022-09-05 00:00:00,133.67
2022-09-06 00:00:00,133.34
2022-09-07 00:00:00,132.98
2022-09-08 00:00:00,133
2022-09-09 00:00:00,132.95
2022-09-12 00:00:00,133.21
2022-09-13 00:00:00,133.02
2022-09-14 00:00:00,132.91
2022-09-15 00:00:00,132.31
2022-09-16 00:00:00,131.92
2022-09-19 00:00:00,132.03
2022-09-20 00:00:00,131.66
2022-09-21 00:00:00,131.33
2022-09-22 00:00:00,130.91
2022-09-23 00:00:00,130.16
2022-09-26 00:00:00,129.32
2022-09-27 00:00:00,128.42
2022-09-28 00:00:00,128.21
2022-09-29 00:00:00,127.85
2022-09-30 00:00:00,127.32
2022-10-03 00:00:00,127.63
2022-10-04 00:00:00,127.94
2022-10-05 00:00:00,128.03
2022-10-06 00:00:00,127.72
2022-10-07 00:00:00,127.26
2022-10-10 00:00:00,127.2
2022-10-11 00:00:00,126.74
2022-10-12 00:00:00,125.71
2022-10-13 00:00:00,125.16
2022-10-14 00:00:00,124.66
2022-10-17 00:00:00,124.71
2022-10-18 00:00:00,124.69
2022-10-19 00:00:00,124.47
2022-10-20 00:00:00,123.97
2022-10-21 00:00:00,122.63
2022-10-24 00:00:00,122.78
2022-10-25 00:00:00,122.91
2022-10-26 00:00:00,123.71
2022-10-27 00:00:00,124.46
2022-10-28 00:00:00,124.62
2022-10-31 00:00:00,124.86
2022-11-01 00:00:00,124.88
2022-11-02 00:00:00,124.95
2022-11-03 00:00:00,124.43
2022-11-04 00:00:00,123.91
2022-11-07 00:00:00,124.42
2022-11-08 00:00:00,124.57
2022-11-09 00:00:00,124.79
2022-11-10 00:00:00,125.34
2022-11-11 00:00:00,126.96
2022-11-14 00:00:00,127.2
2022-11-15 00:00:00,127.72
2022-11-16 00:00:00,128.4
2022-11-17 00:00:00,128.53
2022-11-18 00:00:00,128.32
2022-11-21 00:00:00,128.34
2022-11-22 00:00:00,128.52
2022-11-23 00:00:00,128.98
2022-11-24 00:00:00,129.22
2022-11-25 00:00:00,130.15
2022-11-28 00:00:00,130.35
2022-11-29 00:00:00,130.57
2022-11-30 00:00:00,130.52
2022-12-01 00:00:00,131.54
2022-12-02 00:00:00,131.9
2022-12-05 00:00:00,131.83
2022-12-06 00:00:00,132.01
2022-12-07 00:00:00,132.46
2022-12-08 00:00:00,132.66
2022-12-09 00:00:00,132.55
2022-12-12 00:00:00,132.59
2022-12-13 00:00:00,133.2
2022-12-14 00:00:00,133.66
2022-12-15 00:00:00,133.64
2022-12-16 00:00:00,133.42
2022-12-19 00:00:00,132.96
2022-12-20 00:00:00,132.38
2022-12-21 00:00:00,131.97
2022-12-22 00:00:00,132.3
2022-12-23 00:00:00,132.19
2022-12-26 00:00:00,131.97
2022-12-27 00:00:00,131.92
2022-12-28 00:00:00,131.56
2022-12-29 00:00:00,131.56
2022-12-30 00:00:00,131.26
2023-01-02 00:00:00,131.66
2023-01-03 00:00:00,131.28
2023-01-04 00:00:00,131.6
2023-01-05 00:00:00,131.57
2023-01-06 00:00:00,132.13
2023-01-09 00:00:00,132.31
2023-01-10 00:00:00,131.72
2023-01-11 00:00:00,131.82
2023-01-12 00:00:00,132.21
2023-01-13 00:00:00,132.39
2023-01-16 00:00:00,132.05
2023-01-17 00:00:00,132.6
2023-01-18 00:00:00,133.38
2023-01-19 00:00:00,133.95
2023-01-20 00:00:00,133.73
2023-01-23 00:00:00,133.71
2023-01-24 00:00:00,134.06
2023-01-25 00:00:00,133.81
2023-01-26 00:00:00,133.81
2023-01-27 00:00:00,133.78
2023-01-30 00:00:00,133.68
2023-01-31 00:00:00,133.89
2023-02-01 00:00:00,134.19
2023-02-02 00:00:00,135.32
2023-02-03 00:00:00,134.67
2023-02-06 00:00:00,134.1
2023-02-07 00:00:00,133.63
2023-02-08 00:00:00,133.44
2023-02-09 00:00:00,133.22
2023-02-10 00:00:00,132.2
2023-02-13 00:00:00,132.2
2023-02-14 00:00:00,132.1
2023-02-15 00:00:00,131.9
2023-02-16 00:00:00,132
2023-02-17 00:00:00,131.6
2023-02-20 00:00:00,131.88
2023-02-21 00:00:00,131.2
2023-02-22 00:00:00,131.11
2023-02-23 00:00:00,131.36
2023-02-24 00:00:00,131.26
2023-02-27 00:00:00,131.26
2023-02-28 00:00:00,131.11
2023-03-01 00:00:00,130.8
2023-03-02 00:00:00,130.34
2023-03-03 00:00:00,130.52
2023-03-06 00:00:00,130.89
2023-03-07 00:00:00,131.1
2023-03-08 00:00:00,130.97
2023-03-09 00:00:00,130.77
2023-03-10 00:00:00,131.72
2023-03-13 00:00:00,133.06
2023-03-14 00:00:00,132.57
2023-03-15 00:00:00,133.12
2023-03-16 00:00:00,132.92
2023-03-17 00:00:00,133.3
2023-03-20 00:00:00,133.24
2023-03-21 00:00:00,133.21
2023-03-22 00:00:00,133.04
2023-03-23 00:00:00,133.8
2023-03-24 00:00:00,134.1
2023-03-27 00:00:00,134.43
2023-03-28 00:00:00,134.06
2023-03-29 00:00:00,133.94
2023-03-30 00:00:00,133.78
2023-03-31 00:00:00,133.85
2023-04-03 00:00:00,134.52
2023-04-04 00:00:00,134.86
2023-04-05 00:00:00,135.38
2023-04-06 00:00:00,135.61
2023-04-07 00:00:00,134.66
2023-04-10 00:00:00,134.5
2023-04-11 00:00:00,135.38
2023-04-12 00:00:00,135.54
2023-04-13 00:00:00,135.46
2023-04-14 00:00:00,135.17
2023-04-17 00:00:00,134.52
2023-04-18 00:00:00,134.65
2023-04-19 00:00:00,134.13
2023-04-20 00:00:00,134.29
2023-04-21 00:00:00,134.06
2023-04-24 00:00:00,134.72
2023-04-25 00:00:00,135.29
2023-04-26 00:00:00,135.65
2023-04-27 00:00:00,135.09
2023-04-28 00:00:00,135.42
2023-05-01 00:00:00,135.08
2023-05-02 00:00:00,135.4
2023-05-03 00:00:00,135.59
2023-05-04 00:00:00,135.68
2023-05-05 00:00:00,135.33
2023-05-08 00:00:00,135.24
2023-05-09 00:00:00,135.14
2023-05-10 00:00:00,135.3
2023-05-11 00:00:00,135.61
2023-05-12 00:00:00,135.58
2023-05-15 00:00:00,135.19
2023-05-16 00:00:00,134.67
2023-05-17 00:00:00,134.61
2023-05-18 00:00:00,133.96
2023-05-19 00:00:00,133.65
2023-05-22 00:00:00,133.45
2023-05-23 00:00:00,133.32
2023-05-24 00:00:00,133.63
2023-05-25 00:00:00,133.17
2023-05-26 00:00:00,132.77
2023-05-29 00:00:00,133.2
2023-05-30 00:00:00,133.52
2023-05-31 00:00:00,133.83
2023-06-01 00:00:00,134.07
2023-06-02 00:00:00,134.12
2023-06-05 00:00:00,133.84
2023-06-06 00:00:00,133.63
2023-06-07 00:00:00,133.5
2023-06-08 00:00:00,133.39
2023-06-09 00:00:00,133.39
2023-06-12 00:00:00,133.5
2023-06-13 00:00:00,133.5
2023-06-14 00:00:00,133.54
2023-06-15 00:00:00,133.46
2023-06-16 00:00:00,133.77
2023-06-19 00:00:00,133.71
2023-06-20 00:00:00,133.8
2023-06-21 00:00:00,133.75
2023-06-22 00:00:00,133.88
2023-06-23 00:00:00,134.22
2023-06-26 00:00:00,134.59
2023-06-27 00:00:00,134.16
2023-06-28 00:00:00,134.23
2023-06-29 00:00:00,133.75
2023-06-30 00:00:00,133.67
2023-07-03 00:00:00,133.82
2023-07-04 00:00:00,133.75
2023-07-05 00:00:00,133.7
2023-07-06 00:00:00,132.36
2023-07-07 00:00:00,132.25
2023-07-10 00:00:00,132.23
2023-07-11 00:00:00,132.44
2023-07-12 00:00:00,133.12
2023-07-13 00:00:00,133.46
2023-07-14 00:00:00,133.98
2023-07-17 00:00:00,133.83
2023-07-18 00:00:00,134.33
2023-07-19 00:00:00,134.3
2023-07-20 00:00:00,134.05
2023-07-21 00:00:00,134.2
2023-07-24 00:00:00,134.24
2023-07-25 00:00:00,134
2023-07-26 00:00:00,134.1
2023-07-27 00:00:00,133.81
2023-07-28 00:00:00,133.77
2023-07-31 00:00:00,133.77
2023-08-01 00:00:00,133.3
2023-08-02 00:00:00,132.72
2023-08-03 00:00:00,132.22
2023-08-04 00:00:00,132.43
2023-08-07 00:00:00,132.56
2023-08-08 00:00:00,132.95
2023-08-09 00:00:00,133.02
2023-08-10 00:00:00,132.84
2023-08-11 00:00:00,132.47
2023-08-14 00:00:00,132.03
2023-08-15 00:00:00,131.64
2023-08-16 00:00:00,131.66
2023-08-17 00:00:00,131.07
2023-08-18 00:00:00,131
2023-08-21 00:00:00,130.11
2023-08-22 00:00:00,130.32
2023-08-23 00:00:00,131.03
2023-08-24 00:00:00,131.34
2023-08-25 00:00:00,131.12
2023-08-28 00:00:00,131.38
2023-08-29 00:00:00,131.67
2023-08-30 00:00:00,132.11
2023-08-31 00:00:00,132.21
2023-09-01 00:00:00,132.04
2023-09-04 00:00:00,132
2023-09-05 00:00:00,131.88
2023-09-06 00:00:00,131.28
2023-09-07 00:00:00,131.2
2023-09-08 00:00:00,131.69
2023-09-11 00:00:00,131.26
2023-09-12 00:00:00,131.24
2023-09-13 00:00:00,131.12
2023-09-14 00:00:00,131.57
2023-09-15 00:00:00,131.29
2023-09-18 00:00:00,131.09
2023-09-19 00:00:00,131.11
2023-09-20 00:00:00,131.22
2023-09-21 00:00:00,130.43
2023-09-22 00:00:00,130.36
2023-09-25 00:00:00,130.04
2023-09-26 00:00:00,129.65
2023-09-27 00:00:00,129.53
2023-09-28 00:00:00,128.34
2023-09-29 00:00:00,129.12
2023-10-02 00:00:00,128.38
2023-10-03 00:00:00,127.55
2023-10-04 00:00:00,127.31
2023-10-05 00:00:00,127.45
2023-10-06 00:00:00,126.84
2023-10-09 00:00:00,126.76
2023-10-10 00:00:00,127.4
2023-10-11 00:00:00,127.9
2023-10-12 00:00:00,127.69
2023-10-13 00:00:00,127.46
2023-10-16 00:00:00,127.05
2023-10-17 00:00:00,126.7
2023-10-18 00:00:00,125.8
2023-10-19 00:00:00,125.5
2023-10-20 00:00:00,125.72
2023-10-23 00:00:00,125.53
2023-10-24 00:00:00,125.93
2023-10-25 00:00:00,126.05
2023-10-26 00:00:00,126
2023-10-27 00:00:00,126.23
2023-10-30 00:00:00,126.31
2023-10-31 00:00:00,126.35
2023-11-01 00:00:00,126.77
2023-11-02 00:00:00,127.85
2023-11-03 00:00:00,128.78
2023-11-06 00:00:00,128.71
2023-11-07 00:00:00,128.9
2023-11-08 00:00:00,129.21
2023-11-09 00:00:00,129.15
2023-11-10 00:00:00,129.11
2023-11-13 00:00:00,128.75
2023-11-14 00:00:00,129.97
2023-11-15 00:00:00,129.97
2023-11-16 00:00:00,130.33
2023-11-17 00:00:00,130.49
2023-11-20 00:00:00,130.42
2023-11-21 00:00:00,130.92
2023-11-22 00:00:00,131.02
2023-11-23 00:00:00,131.19
2023-11-24 00:00:00,131
2023-11-27 00:00:00,131.21
2023-11-28 00:00:00,131.44
2023-11-29 00:00:00,132.46
2023-11-30 00:00:00,132.28
2023-12-01 00:00:00,132.54
2023-12-04 00:00:00,132.78
2023-12-05 00:00:00,133.63
2023-12-06 00:00:00,134.25
2023-12-07 00:00:00,134.35
2023-12-08 00:00:00,134.12
2023-12-11 00:00:00,134.06
2023-12-12 00:00:00,134.19
2023-12-13 00:00:00,134.64
2023-12-14 00:00:00,136.41
2023-12-15 00:00:00,136.86
2023-12-18 00:00:00,137.04
2023-12-19 00:00:00,137.31
2023-12-20 00:00:00,137.47
2023-12-21 00:00:00,137.55
2023-12-22 00:00:00,137.68
2023-12-26 00:00:00,137.73
2023-12-27 00:00:00,138.03
2023-12-28 00:00:00,138.2
2023-12-29 00:00:00,138.06
2024-01-02 00:00:00,137.58
2024-01-03 00:00:00,137.01
2024-01-04 00:00:00,136.67
2024-01-05 00:00:00,136.4
2024-01-08 00:00:00,135.85
2024-01-09 00:00:00,135.61
2024-01-10 00:00:00,135.81
2024-01-11 00:00:00,135.89
2024-01-12 00:00:00,136.09
2024-01-15 00:00:00,136.29
2024-01-16 00:00:00,135.73
2024-01-17 00:00:00,135.23
2024-01-18 00:00:00,135.28
2024-01-19 00:00:00,135.07
2024-01-22 00:00:00,135.24
2024-01-23 00:00:00,134.97
2024-01-24 00:00:00,134.85
2024-01-25 00:00:00,134.93
2024-01-26 00:00:00,134.86
2024-01-29 00:00:00,135.1
2024-01-30 00:00:00,135.43
2024-01-31 00:00:00,136.15
2024-02-01 00:00:00,136.95
2024-02-02 00:00:00,136.21
2024-02-05 00:00:00,135.56
2024-02-06 00:00:00,135.74
2024-02-07 00:00:00,135.89
2024-02-08 00:00:00,135.52
2024-02-09 00:00:00,135.56
2024-02-12 00:00:00,135.51
2024-02-13 00:00:00,134.91
2024-02-14 00:00:00,134.95
2024-02-15 00:00:00,135.07
2024-02-16 00:00:00,134.88
2024-02-19 00:00:00,135
2024-02-20 00:00:00,135.13
2024-02-21 00:00:00,135.13
2024-02-22 00:00:00,135.09
2024-02-23 00:00:00,135.23
2024-02-26 00:00:00,135.51
2024-02-27 00:00:00,135.41
2024-02-28 00:00:00,135.45
2024-02-29 00:00:00,135.51
2024-03-01 00:00:00,135.79
2024-03-04 00:00:00,135.71