Effective date ,S&P Global High Yield Sukuk Index
2014-02-28 00:00:00,102.12
2014-03-03 00:00:00,102.41
2014-03-04 00:00:00,102.12
2014-03-05 00:00:00,102.17
2014-03-06 00:00:00,102.08
2014-03-07 00:00:00,101.89
2014-03-10 00:00:00,102.67
2014-03-11 00:00:00,102.73
2014-03-12 00:00:00,102.78
2014-03-13 00:00:00,103.05
2014-03-14 00:00:00,103.14
2014-03-17 00:00:00,103.15
2014-03-18 00:00:00,103.21
2014-03-19 00:00:00,103.14
2014-03-20 00:00:00,102.86
2014-03-21 00:00:00,102.99
2014-03-24 00:00:00,102.93
2014-03-25 00:00:00,102.98
2014-03-26 00:00:00,103.59
2014-03-27 00:00:00,103.78
2014-03-28 00:00:00,103.76
2014-03-31 00:00:00,103.82
2014-04-01 00:00:00,103.83
2014-04-02 00:00:00,103.6
2014-04-03 00:00:00,103.62
2014-04-04 00:00:00,104.2
2014-04-07 00:00:00,104.27
2014-04-08 00:00:00,104.17
2014-04-09 00:00:00,104.14
2014-04-10 00:00:00,104.54
2014-04-11 00:00:00,104.57
2014-04-14 00:00:00,104.37
2014-04-15 00:00:00,104.48
2014-04-16 00:00:00,104.29
2014-04-17 00:00:00,104.26
2014-04-18 00:00:00,104.26
2014-04-21 00:00:00,104.28
2014-04-22 00:00:00,104.2
2014-04-23 00:00:00,104.28
2014-04-24 00:00:00,104.26
2014-04-25 00:00:00,104.39
2014-04-28 00:00:00,104.96
2014-04-29 00:00:00,105.02
2014-04-30 00:00:00,105.12
2014-05-01 00:00:00,105.3
2014-05-02 00:00:00,105.26
2014-05-05 00:00:00,105.23
2014-05-06 00:00:00,105.21
2014-05-07 00:00:00,105.39
2014-05-08 00:00:00,105.61
2014-05-09 00:00:00,105.62
2014-05-12 00:00:00,105.66
2014-05-13 00:00:00,105.83
2014-05-14 00:00:00,106.06
2014-05-15 00:00:00,106.16
2014-05-16 00:00:00,106.15
2014-05-19 00:00:00,106.32
2014-05-20 00:00:00,106.3
2014-05-21 00:00:00,106.27
2014-05-22 00:00:00,106.25
2014-05-23 00:00:00,106.33
2014-05-26 00:00:00,106.79
2014-05-27 00:00:00,106.74
2014-05-28 00:00:00,106.85
2014-05-29 00:00:00,107.19
2014-05-30 00:00:00,107.22
2014-06-02 00:00:00,107.1
2014-06-03 00:00:00,107.28
2014-06-04 00:00:00,107.36
2014-06-05 00:00:00,107.44
2014-06-06 00:00:00,107.5
2014-06-09 00:00:00,107.82
2014-06-10 00:00:00,107.83
2014-06-11 00:00:00,107.79
2014-06-12 00:00:00,107.74
2014-06-13 00:00:00,107.71
2014-06-16 00:00:00,107.62
2014-06-17 00:00:00,107.57
2014-06-18 00:00:00,107.52
2014-06-19 00:00:00,107.67
2014-06-20 00:00:00,107.7
2014-06-23 00:00:00,107.73
2014-06-24 00:00:00,107.56
2014-06-25 00:00:00,107.7
2014-06-26 00:00:00,107.66
2014-06-27 00:00:00,107.49
2014-06-30 00:00:00,107.51
2014-07-01 00:00:00,107.59
2014-07-02 00:00:00,107.4
2014-07-03 00:00:00,107.39
2014-07-04 00:00:00,107.53
2014-07-07 00:00:00,107.53
2014-07-08 00:00:00,107.7
2014-07-09 00:00:00,107.63
2014-07-10 00:00:00,107.64
2014-07-11 00:00:00,107.64
2014-07-14 00:00:00,107.54
2014-07-15 00:00:00,107.69
2014-07-16 00:00:00,107.71
2014-07-17 00:00:00,107.86
2014-07-18 00:00:00,107.77
2014-07-21 00:00:00,107.84
2014-07-22 00:00:00,107.86
2014-07-23 00:00:00,107.95
2014-07-24 00:00:00,107.98
2014-07-25 00:00:00,108.1
2014-07-28 00:00:00,108.07
2014-07-29 00:00:00,108.06
2014-07-30 00:00:00,108.05
2014-07-31 00:00:00,107.86
2014-08-01 00:00:00,107.89
2014-08-04 00:00:00,107.84
2014-08-05 00:00:00,107.75
2014-08-06 00:00:00,107.76
2014-08-07 00:00:00,107.65
2014-08-08 00:00:00,107.52
2014-08-11 00:00:00,107.21
2014-08-12 00:00:00,107.18
2014-08-13 00:00:00,107.37
2014-08-14 00:00:00,107.38
2014-08-15 00:00:00,107.6
2014-08-18 00:00:00,107.84
2014-08-19 00:00:00,107.91
2014-08-20 00:00:00,107.99
2014-08-21 00:00:00,108.13
2014-08-22 00:00:00,108.07
2014-08-25 00:00:00,108.18
2014-08-26 00:00:00,108.28
2014-08-27 00:00:00,108.17
2014-08-28 00:00:00,108.2
2014-08-29 00:00:00,108.4
2014-09-01 00:00:00,108.53
2014-09-02 00:00:00,108.42
2014-09-03 00:00:00,108.68
2014-09-04 00:00:00,108.53
2014-09-05 00:00:00,108.03
2014-09-08 00:00:00,108.45
2014-09-09 00:00:00,108.33
2014-09-10 00:00:00,108.14
2014-09-11 00:00:00,108.08
2014-09-12 00:00:00,107.88
2014-09-15 00:00:00,107.93
2014-09-16 00:00:00,107.76
2014-09-17 00:00:00,107.63
2014-09-18 00:00:00,107.42
2014-09-19 00:00:00,107.79
2014-09-22 00:00:00,107.97
2014-09-23 00:00:00,107.94
2014-09-24 00:00:00,107.96
2014-09-25 00:00:00,108.05
2014-09-26 00:00:00,107.91
2014-09-29 00:00:00,107.61
2014-09-30 00:00:00,107.36
2014-10-01 00:00:00,107.44
2014-10-02 00:00:00,107.22
2014-10-03 00:00:00,107.18
2014-10-06 00:00:00,107.4
2014-10-07 00:00:00,107.4
2014-10-08 00:00:00,107.42
2014-10-09 00:00:00,107.45
2014-10-10 00:00:00,107.59
2014-10-13 00:00:00,107.64
2014-10-14 00:00:00,107.58
2014-10-15 00:00:00,107.74
2014-10-16 00:00:00,107.96
2014-10-17 00:00:00,107.92
2014-10-20 00:00:00,108.08
2014-10-21 00:00:00,108.24
2014-10-22 00:00:00,108.54
2014-10-23 00:00:00,108.35
2014-10-24 00:00:00,108.33
2014-10-27 00:00:00,108.33
2014-10-28 00:00:00,108.39
2014-10-29 00:00:00,108.57
2014-10-30 00:00:00,108.37
2014-10-31 00:00:00,108.44
2014-11-03 00:00:00,108.51
2014-11-04 00:00:00,108.63
2014-11-05 00:00:00,108.6
2014-11-06 00:00:00,108.69
2014-11-07 00:00:00,108.71
2014-11-10 00:00:00,108.57
2014-11-11 00:00:00,108.77
2014-11-12 00:00:00,108.73
2014-11-13 00:00:00,108.78
2014-11-14 00:00:00,108.68
2014-11-17 00:00:00,109.03
2014-11-18 00:00:00,109
2014-11-19 00:00:00,109.05
2014-11-20 00:00:00,109.07
2014-11-21 00:00:00,109.05
2014-11-24 00:00:00,109.11
2014-11-25 00:00:00,109.12
2014-11-26 00:00:00,109.18
2014-11-27 00:00:00,109.22
2014-11-28 00:00:00,109.51
2014-12-01 00:00:00,109.5
2014-12-02 00:00:00,109.43
2014-12-03 00:00:00,109.46
2014-12-04 00:00:00,109.48
2014-12-05 00:00:00,109.63
2014-12-08 00:00:00,109.55
2014-12-09 00:00:00,109.45
2014-12-10 00:00:00,109.46
2014-12-11 00:00:00,109.32
2014-12-12 00:00:00,109.3
2014-12-15 00:00:00,108.85
2014-12-16 00:00:00,108.18
2014-12-17 00:00:00,108.07
2014-12-18 00:00:00,107.86
2014-12-19 00:00:00,107.85
2014-12-22 00:00:00,107.84
2014-12-23 00:00:00,107.86
2014-12-24 00:00:00,107.8
2014-12-26 00:00:00,107.85
2014-12-29 00:00:00,107.96
2014-12-30 00:00:00,108.06
2014-12-31 00:00:00,108.09
2015-01-02 00:00:00,108.26
2015-01-05 00:00:00,108.65
2015-01-06 00:00:00,108.74
2015-01-07 00:00:00,108.95
2015-01-08 00:00:00,109.02
2015-01-09 00:00:00,109.23
2015-01-12 00:00:00,109.23
2015-01-13 00:00:00,109.19
2015-01-14 00:00:00,109.23
2015-01-15 00:00:00,109.49
2015-01-16 00:00:00,109.93
2015-01-19 00:00:00,109.99
2015-01-20 00:00:00,110.08
2015-01-21 00:00:00,110.18
2015-01-22 00:00:00,110.07
2015-01-23 00:00:00,110.13
2015-01-26 00:00:00,110
2015-01-27 00:00:00,109.87
2015-01-28 00:00:00,110.43
2015-01-29 00:00:00,110.41
2015-01-30 00:00:00,110.44
2015-02-02 00:00:00,110.63
2015-02-03 00:00:00,110.69
2015-02-04 00:00:00,110.68
2015-02-05 00:00:00,111.33
2015-02-06 00:00:00,111.38
2015-02-09 00:00:00,111.55
2015-02-10 00:00:00,111.56
2015-02-11 00:00:00,111.35
2015-02-12 00:00:00,110.81
2015-02-13 00:00:00,111.35
2015-02-16 00:00:00,111.58
2015-02-17 00:00:00,111.59
2015-02-18 00:00:00,111.49
2015-02-19 00:00:00,111.57
2015-02-20 00:00:00,111.47
2015-02-23 00:00:00,111.57
2015-02-24 00:00:00,111.6
2015-02-25 00:00:00,111.45
2015-02-26 00:00:00,111.49
2015-02-27 00:00:00,111.51
2015-03-02 00:00:00,111.59
2015-03-03 00:00:00,111.6
2015-03-04 00:00:00,112.16
2015-03-05 00:00:00,112.18
2015-03-06 00:00:00,112.15
2015-03-09 00:00:00,112.59
2015-03-10 00:00:00,112.61
2015-03-11 00:00:00,112.03
2015-03-12 00:00:00,112
2015-03-13 00:00:00,111.97
2015-03-16 00:00:00,112.1
2015-03-17 00:00:00,111.94
2015-03-18 00:00:00,111.94
2015-03-19 00:00:00,112.13
2015-03-20 00:00:00,112.59
2015-03-23 00:00:00,112.7
2015-03-24 00:00:00,112.72
2015-03-25 00:00:00,112.47
2015-03-26 00:00:00,112.66
2015-03-27 00:00:00,112.76
2015-03-30 00:00:00,112.81
2015-03-31 00:00:00,112.26
2015-04-01 00:00:00,112.32
2015-04-02 00:00:00,112.55
2015-04-03 00:00:00,112.58
2015-04-06 00:00:00,112.61
2015-04-07 00:00:00,112.76
2015-04-08 00:00:00,112.99
2015-04-09 00:00:00,113.03
2015-04-10 00:00:00,113.22
2015-04-13 00:00:00,113.28
2015-04-14 00:00:00,113.3
2015-04-15 00:00:00,113.45
2015-04-16 00:00:00,113.48
2015-04-17 00:00:00,113.59
2015-04-20 00:00:00,113.68
2015-04-21 00:00:00,113.57
2015-04-22 00:00:00,113.79
2015-04-23 00:00:00,113.62
2015-04-24 00:00:00,113.75
2015-04-27 00:00:00,113.82
2015-04-28 00:00:00,113.62
2015-04-29 00:00:00,113.46
2015-04-30 00:00:00,113.5
2015-05-01 00:00:00,113.67
2015-05-04 00:00:00,113.7
2015-05-05 00:00:00,113.62
2015-05-06 00:00:00,113.61
2015-05-07 00:00:00,113.62
2015-05-08 00:00:00,113.61
2015-05-11 00:00:00,113.66
2015-05-12 00:00:00,113.64
2015-05-13 00:00:00,113.71
2015-05-14 00:00:00,113.76
2015-05-15 00:00:00,113.82
2015-05-18 00:00:00,113.95
2015-05-19 00:00:00,113.98
2015-05-20 00:00:00,113.96
2015-05-21 00:00:00,114.03
2015-05-22 00:00:00,114.18
2015-05-25 00:00:00,114.22
2015-05-26 00:00:00,114.26
2015-05-27 00:00:00,114.36
2015-05-28 00:00:00,114.37
2015-05-29 00:00:00,114.42
2015-06-01 00:00:00,114.41
2015-06-02 00:00:00,114.34
2015-06-03 00:00:00,114.41
2015-06-04 00:00:00,114.45
2015-06-05 00:00:00,113.86
2015-06-08 00:00:00,113.84
2015-06-09 00:00:00,113.44
2015-06-10 00:00:00,113.53
2015-06-11 00:00:00,113.68
2015-06-12 00:00:00,113.9
2015-06-15 00:00:00,113.96
2015-06-16 00:00:00,113.49
2015-06-17 00:00:00,113.81
2015-06-18 00:00:00,113.86
2015-06-19 00:00:00,113.91
2015-06-22 00:00:00,114.07
2015-06-23 00:00:00,114.09
2015-06-24 00:00:00,114.11
2015-06-25 00:00:00,114.12
2015-06-26 00:00:00,114.1
2015-06-29 00:00:00,114.1
2015-06-30 00:00:00,114.07
2015-07-01 00:00:00,114.05
2015-07-02 00:00:00,114.35
2015-07-03 00:00:00,114.33
2015-07-06 00:00:00,114.43
2015-07-07 00:00:00,114.47
2015-07-08 00:00:00,114.43
2015-07-09 00:00:00,114.53
2015-07-10 00:00:00,114.58
2015-07-13 00:00:00,114.49
2015-07-14 00:00:00,114.69
2015-07-15 00:00:00,114.8
2015-07-16 00:00:00,114.82
2015-07-17 00:00:00,114.82
2015-07-20 00:00:00,114.81
2015-07-21 00:00:00,114.88
2015-07-22 00:00:00,115.01
2015-07-23 00:00:00,115.01
2015-07-24 00:00:00,114.89
2015-07-27 00:00:00,114.97
2015-07-28 00:00:00,114.51
2015-07-29 00:00:00,114.54
2015-07-30 00:00:00,114.52
2015-07-31 00:00:00,114.71
2015-08-03 00:00:00,115.18
2015-08-04 00:00:00,115.08
2015-08-05 00:00:00,115.06
2015-08-06 00:00:00,115.09
2015-08-07 00:00:00,114.82
2015-08-10 00:00:00,114.87
2015-08-11 00:00:00,114.84
2015-08-12 00:00:00,114.6
2015-08-13 00:00:00,114.48
2015-08-14 00:00:00,114.57
2015-08-17 00:00:00,114.58
2015-08-18 00:00:00,114.58
2015-08-19 00:00:00,114.51
2015-08-20 00:00:00,114.43
2015-08-21 00:00:00,114.17
2015-08-24 00:00:00,113.99
2015-08-25 00:00:00,113.39
2015-08-26 00:00:00,113.67
2015-08-27 00:00:00,113.8
2015-08-28 00:00:00,113.92
2015-08-31 00:00:00,113.87
2015-09-01 00:00:00,113.9
2015-09-02 00:00:00,113.99
2015-09-03 00:00:00,114.03
2015-09-04 00:00:00,113.8
2015-09-07 00:00:00,113.83
2015-09-08 00:00:00,114.01
2015-09-09 00:00:00,114.05
2015-09-10 00:00:00,114.11
2015-09-11 00:00:00,114.07
2015-09-14 00:00:00,113.92
2015-09-15 00:00:00,113.87
2015-09-16 00:00:00,113.94
2015-09-17 00:00:00,114.19
2015-09-18 00:00:00,114.3
2015-09-21 00:00:00,114.56
2015-09-22 00:00:00,114.54
2015-09-23 00:00:00,114.49
2015-09-24 00:00:00,113.49
2015-09-25 00:00:00,113.48
2015-09-28 00:00:00,113.63
2015-09-29 00:00:00,113.63
2015-09-30 00:00:00,113.63
2015-10-01 00:00:00,113.93
2015-10-02 00:00:00,113.83
2015-10-05 00:00:00,114.04
2015-10-06 00:00:00,114.08
2015-10-07 00:00:00,114.59
2015-10-08 00:00:00,114.63
2015-10-09 00:00:00,114.68
2015-10-12 00:00:00,114.78
2015-10-13 00:00:00,114.64
2015-10-14 00:00:00,114.68
2015-10-15 00:00:00,114.28
2015-10-16 00:00:00,114.34
2015-10-19 00:00:00,114.45
2015-10-20 00:00:00,115.17
2015-10-21 00:00:00,115.08
2015-10-22 00:00:00,115.04
2015-10-23 00:00:00,114.97
2015-10-26 00:00:00,115.06
2015-10-27 00:00:00,115.13
2015-10-28 00:00:00,115.13
2015-10-29 00:00:00,114.73
2015-10-30 00:00:00,114.68
2015-11-02 00:00:00,114.64
2015-11-03 00:00:00,114.72
2015-11-04 00:00:00,114.85
2015-11-05 00:00:00,114.75
2015-11-06 00:00:00,114.72
2015-11-09 00:00:00,114.54
2015-11-10 00:00:00,114.54
2015-11-11 00:00:00,114.5
2015-11-12 00:00:00,114.55
2015-11-13 00:00:00,114.53
2015-11-16 00:00:00,114.3
2015-11-17 00:00:00,114.3
2015-11-18 00:00:00,114.37
2015-11-19 00:00:00,114.19
2015-11-20 00:00:00,114.19
2015-11-23 00:00:00,114.1
2015-11-24 00:00:00,114.25
2015-11-25 00:00:00,114.25
2015-11-26 00:00:00,114.09
2015-11-27 00:00:00,114.09
2015-11-30 00:00:00,114.12
2015-12-01 00:00:00,114.15
2015-12-02 00:00:00,114.21
2015-12-03 00:00:00,113.94
2015-12-04 00:00:00,113.97
2015-12-07 00:00:00,114.07
2015-12-08 00:00:00,113.8
2015-12-09 00:00:00,113.82
2015-12-10 00:00:00,113.79
2015-12-11 00:00:00,113.92
2015-12-14 00:00:00,113.84
2015-12-15 00:00:00,113.89
2015-12-16 00:00:00,113.15
2015-12-17 00:00:00,113.31
2015-12-18 00:00:00,113.37
2015-12-21 00:00:00,113.25
2015-12-22 00:00:00,113.31
2015-12-23 00:00:00,113.39
2015-12-24 00:00:00,113.45
2015-12-28 00:00:00,113.5
2015-12-29 00:00:00,114.16
2015-12-30 00:00:00,114.24
2015-12-31 00:00:00,114.25
2016-01-04 00:00:00,114.62
2016-01-05 00:00:00,114.16
2016-01-06 00:00:00,114.18
2016-01-07 00:00:00,113.77
2016-01-08 00:00:00,113.57
2016-01-11 00:00:00,113.59
2016-01-12 00:00:00,113.74
2016-01-13 00:00:00,113.86
2016-01-14 00:00:00,113.41
2016-01-15 00:00:00,113.38
2016-01-18 00:00:00,113.37
2016-01-19 00:00:00,112.96
2016-01-20 00:00:00,112.4
2016-01-21 00:00:00,111.55
2016-01-22 00:00:00,112.05
2016-01-25 00:00:00,112.09
2016-01-26 00:00:00,111.85
2016-01-27 00:00:00,112.01
2016-01-28 00:00:00,112.09
2016-01-29 00:00:00,112.08
2016-02-01 00:00:00,112.17
2016-02-02 00:00:00,112.87
2016-02-03 00:00:00,113.2
2016-02-04 00:00:00,112.42
2016-02-05 00:00:00,112.34
2016-02-08 00:00:00,112.39
2016-02-09 00:00:00,112.32
2016-02-10 00:00:00,112.65
2016-02-11 00:00:00,112.66
2016-02-12 00:00:00,113.08
2016-02-15 00:00:00,113.17
2016-02-16 00:00:00,113.37
2016-02-17 00:00:00,113.38
2016-02-18 00:00:00,113.7
2016-02-19 00:00:00,113.88
2016-02-22 00:00:00,114.02
2016-02-23 00:00:00,114.05
2016-02-24 00:00:00,114.39
2016-02-25 00:00:00,114.47
2016-02-26 00:00:00,114.46
2016-02-29 00:00:00,114.58
2016-03-01 00:00:00,114.64
2016-03-02 00:00:00,114.89
2016-03-03 00:00:00,114.89
2016-03-04 00:00:00,114.92
2016-03-07 00:00:00,115.01
2016-03-08 00:00:00,114.96
2016-03-09 00:00:00,114.94
2016-03-10 00:00:00,114.61
2016-03-11 00:00:00,114.69
2016-03-14 00:00:00,114.87
2016-03-15 00:00:00,114.77
2016-03-16 00:00:00,114.74
2016-03-17 00:00:00,115.69
2016-03-18 00:00:00,115.73
2016-03-21 00:00:00,115.85
2016-03-22 00:00:00,115.94
2016-03-23 00:00:00,116.06
2016-03-24 00:00:00,115.69
2016-03-25 00:00:00,115.71
2016-03-28 00:00:00,115.8
2016-03-29 00:00:00,116.08
2016-03-30 00:00:00,116.09
2016-03-31 00:00:00,116.09
2016-04-01 00:00:00,116.02
2016-04-04 00:00:00,116.12
2016-04-05 00:00:00,116.21
2016-04-06 00:00:00,116.68
2016-04-07 00:00:00,116.87
2016-04-08 00:00:00,116.65
2016-04-11 00:00:00,116.96
2016-04-12 00:00:00,116.85
2016-04-13 00:00:00,116.87
2016-04-14 00:00:00,117.17
2016-04-15 00:00:00,117.1
2016-04-18 00:00:00,117.16
2016-04-19 00:00:00,117.29
2016-04-20 00:00:00,117.71
2016-04-21 00:00:00,118.5
2016-04-22 00:00:00,118.64
2016-04-25 00:00:00,118.78
2016-04-26 00:00:00,118.86
2016-04-27 00:00:00,118.86
2016-04-28 00:00:00,118.11
2016-04-29 00:00:00,118.32
2016-05-02 00:00:00,118.35
2016-05-03 00:00:00,118.41
2016-05-04 00:00:00,118.22
2016-05-05 00:00:00,118.27
2016-05-06 00:00:00,118.28
2016-05-09 00:00:00,118.26
2016-05-10 00:00:00,118.51
2016-05-11 00:00:00,119.44
2016-05-12 00:00:00,119.54
2016-05-13 00:00:00,119.53
2016-05-16 00:00:00,119.22
2016-05-17 00:00:00,119.29
2016-05-18 00:00:00,119.32
2016-05-19 00:00:00,119.26
2016-05-20 00:00:00,119.08
2016-05-23 00:00:00,119.14
2016-05-24 00:00:00,119.06
2016-05-25 00:00:00,118.53
2016-05-26 00:00:00,118.59
2016-05-27 00:00:00,118.68
2016-05-30 00:00:00,118.71
2016-05-31 00:00:00,118.76
2016-06-01 00:00:00,118.72
2016-06-02 00:00:00,118.7
2016-06-03 00:00:00,118.54
2016-06-06 00:00:00,118.75
2016-06-07 00:00:00,118.8
2016-06-08 00:00:00,118.78
2016-06-09 00:00:00,118.7
2016-06-10 00:00:00,118.69
2016-06-13 00:00:00,118.74
2016-06-14 00:00:00,118.72
2016-06-15 00:00:00,118.57
2016-06-16 00:00:00,118.58
2016-06-17 00:00:00,118.57
2016-06-20 00:00:00,118.6
2016-06-21 00:00:00,118.79
2016-06-22 00:00:00,118.84
2016-06-23 00:00:00,118.95
2016-06-24 00:00:00,118.94
2016-06-27 00:00:00,119.05
2016-06-28 00:00:00,119.35
2016-06-29 00:00:00,119.42
2016-06-30 00:00:00,119.48
2016-07-01 00:00:00,120.22
2016-07-04 00:00:00,120.32
2016-07-05 00:00:00,120.39
2016-07-06 00:00:00,121.29
2016-07-07 00:00:00,121.29
2016-07-08 00:00:00,121.39
2016-07-11 00:00:00,121.96
2016-07-12 00:00:00,121.76
2016-07-13 00:00:00,121.79
2016-07-14 00:00:00,121.82
2016-07-15 00:00:00,121.65
2016-07-18 00:00:00,121.57
2016-07-19 00:00:00,121.63
2016-07-20 00:00:00,121.58
2016-07-21 00:00:00,121.74
2016-07-22 00:00:00,121.69
2016-07-25 00:00:00,121.82
2016-07-26 00:00:00,121.83
2016-07-27 00:00:00,121.78
2016-07-28 00:00:00,122.18
2016-07-29 00:00:00,122.2
2016-08-01 00:00:00,122.27
2016-08-02 00:00:00,121.85
2016-08-03 00:00:00,121.7
2016-08-04 00:00:00,121.7
2016-08-05 00:00:00,121.93
2016-08-08 00:00:00,121.95
2016-08-09 00:00:00,122.16
2016-08-10 00:00:00,122.24
2016-08-11 00:00:00,122.24
2016-08-12 00:00:00,122.33
2016-08-15 00:00:00,123.22
2016-08-16 00:00:00,123.09
2016-08-17 00:00:00,123.19
2016-08-18 00:00:00,123.63
2016-08-19 00:00:00,123.45
2016-08-22 00:00:00,123.21
2016-08-23 00:00:00,122.94
2016-08-24 00:00:00,123.01
2016-08-25 00:00:00,123
2016-08-26 00:00:00,123.03
2016-08-29 00:00:00,122.97
2016-08-30 00:00:00,123.05
2016-08-31 00:00:00,123.02
2016-09-01 00:00:00,122.76
2016-09-02 00:00:00,122.64
2016-09-05 00:00:00,122.69
2016-09-06 00:00:00,122.94
2016-09-07 00:00:00,123.29
2016-09-08 00:00:00,123.43
2016-09-09 00:00:00,123.36
2016-09-12 00:00:00,122.58
2016-09-13 00:00:00,122.83
2016-09-14 00:00:00,122.54
2016-09-15 00:00:00,122.45
2016-09-16 00:00:00,122.54
2016-09-19 00:00:00,122.81
2016-09-20 00:00:00,123.09
2016-09-21 00:00:00,123.21
2016-09-22 00:00:00,123.81
2016-09-23 00:00:00,123.87
2016-09-26 00:00:00,123.49
2016-09-27 00:00:00,123.56
2016-09-28 00:00:00,123.56
2016-09-29 00:00:00,123.55
2016-09-30 00:00:00,123.5
2016-10-03 00:00:00,123.64
2016-10-04 00:00:00,123.66
2016-10-05 00:00:00,123.59
2016-10-06 00:00:00,123.49
2016-10-07 00:00:00,123.46
2016-10-10 00:00:00,123.56
2016-10-11 00:00:00,123.39
2016-10-12 00:00:00,123.16
2016-10-13 00:00:00,123.2
2016-10-14 00:00:00,123.2
2016-10-17 00:00:00,122.95
2016-10-18 00:00:00,122.93
2016-10-19 00:00:00,123.05
2016-10-20 00:00:00,123.06
2016-10-21 00:00:00,123.21
2016-10-24 00:00:00,123.28
2016-10-25 00:00:00,123.28
2016-10-26 00:00:00,123.22
2016-10-27 00:00:00,123.21
2016-10-28 00:00:00,123.04
2016-10-31 00:00:00,123.12
2016-11-01 00:00:00,123
2016-11-02 00:00:00,122.85
2016-11-03 00:00:00,122.85
2016-11-04 00:00:00,122.72
2016-11-07 00:00:00,122.81
2016-11-08 00:00:00,123.06
2016-11-09 00:00:00,122.63
2016-11-10 00:00:00,122.34
2016-11-11 00:00:00,121.8
2016-11-14 00:00:00,119.55
2016-11-15 00:00:00,119.52
2016-11-16 00:00:00,119.65
2016-11-17 00:00:00,120.48
2016-11-18 00:00:00,120.44
2016-11-21 00:00:00,119.99
2016-11-22 00:00:00,120.25
2016-11-23 00:00:00,120.3
2016-11-24 00:00:00,120.23
2016-11-25 00:00:00,120.21
2016-11-28 00:00:00,120.42
2016-11-29 00:00:00,120.53
2016-11-30 00:00:00,120.66
2016-12-01 00:00:00,120.14
2016-12-02 00:00:00,120.02
2016-12-05 00:00:00,120.08
2016-12-06 00:00:00,120.25
2016-12-07 00:00:00,120.45
2016-12-08 00:00:00,120.76
2016-12-09 00:00:00,120.59
2016-12-12 00:00:00,120.22
2016-12-13 00:00:00,120.42
2016-12-14 00:00:00,120.48
2016-12-15 00:00:00,120.03
2016-12-16 00:00:00,120.08
2016-12-19 00:00:00,120.15
2016-12-20 00:00:00,120.21
2016-12-21 00:00:00,120.22
2016-12-22 00:00:00,120.4
2016-12-23 00:00:00,120.44
2016-12-26 00:00:00,120.52
2016-12-27 00:00:00,120.77
2016-12-28 00:00:00,120.69
2016-12-29 00:00:00,120.79
2016-12-30 00:00:00,120.91
2017-01-03 00:00:00,121.39
2017-01-04 00:00:00,121.67
2017-01-05 00:00:00,122.09
2017-01-06 00:00:00,122.2
2017-01-09 00:00:00,121.89
2017-01-10 00:00:00,121.94
2017-01-11 00:00:00,121.81
2017-01-12 00:00:00,121.99
2017-01-13 00:00:00,121.87
2017-01-16 00:00:00,121.89
2017-01-17 00:00:00,121.97
2017-01-18 00:00:00,122.15
2017-01-19 00:00:00,121.98
2017-01-20 00:00:00,121.98
2017-01-23 00:00:00,122.11
2017-01-24 00:00:00,122.08
2017-01-25 00:00:00,122.02
2017-01-26 00:00:00,122.05
2017-01-27 00:00:00,122.06
2017-01-30 00:00:00,122.11
2017-01-31 00:00:00,122.25
2017-02-01 00:00:00,122.39
2017-02-02 00:00:00,122.28
2017-02-03 00:00:00,122.32
2017-02-06 00:00:00,122.79
2017-02-07 00:00:00,122.89
2017-02-08 00:00:00,123.1
2017-02-09 00:00:00,123.08
2017-02-10 00:00:00,122.99
2017-02-13 00:00:00,123.04
2017-02-14 00:00:00,123.21
2017-02-15 00:00:00,123.09
2017-02-16 00:00:00,123.09
2017-02-17 00:00:00,123.11
2017-02-20 00:00:00,123.29
2017-02-21 00:00:00,123.23
2017-02-22 00:00:00,123.33
2017-02-23 00:00:00,123.46
2017-02-24 00:00:00,123.45
2017-02-27 00:00:00,123.42
2017-02-28 00:00:00,123.42
2017-03-01 00:00:00,123.36
2017-03-02 00:00:00,123.23
2017-03-03 00:00:00,123.15
2017-03-06 00:00:00,123.06
2017-03-07 00:00:00,123.02
2017-03-08 00:00:00,122.94
2017-03-09 00:00:00,122.67
2017-03-10 00:00:00,122.41
2017-03-13 00:00:00,122.57
2017-03-14 00:00:00,122.4
2017-03-15 00:00:00,122.42
2017-03-16 00:00:00,122.95
2017-03-17 00:00:00,122.96
2017-03-20 00:00:00,123.31
2017-03-21 00:00:00,123.28
2017-03-22 00:00:00,123.4
2017-03-23 00:00:00,123.42
2017-03-24 00:00:00,123.48
2017-03-27 00:00:00,123.69
2017-03-28 00:00:00,123.69
2017-03-29 00:00:00,123.76
2017-03-30 00:00:00,123.76
2017-03-31 00:00:00,123.71
2017-04-03 00:00:00,123.85
2017-04-04 00:00:00,124.02
2017-04-05 00:00:00,123.96
2017-04-06 00:00:00,123.9
2017-04-07 00:00:00,123.99
2017-04-10 00:00:00,123.94
2017-04-11 00:00:00,124
2017-04-12 00:00:00,124.03
2017-04-13 00:00:00,124.22
2017-04-14 00:00:00,124.24
2017-04-17 00:00:00,124.32
2017-04-18 00:00:00,124.25
2017-04-19 00:00:00,124.28
2017-04-20 00:00:00,124.65
2017-04-21 00:00:00,124.7
2017-04-24 00:00:00,124.66
2017-04-25 00:00:00,124.71
2017-04-26 00:00:00,124.7
2017-04-27 00:00:00,124.83
2017-04-28 00:00:00,124.91
2017-05-01 00:00:00,124.88
2017-05-02 00:00:00,125.02
2017-05-03 00:00:00,125.11
2017-05-04 00:00:00,125.1
2017-05-05 00:00:00,125.06
2017-05-08 00:00:00,125.05
2017-05-09 00:00:00,125.07
2017-05-10 00:00:00,125.07
2017-05-11 00:00:00,124.99
2017-05-12 00:00:00,125.03
2017-05-15 00:00:00,125.13
2017-05-16 00:00:00,125.22
2017-05-17 00:00:00,125.28
2017-05-18 00:00:00,125.41
2017-05-19 00:00:00,125.48
2017-05-22 00:00:00,125.62
2017-05-23 00:00:00,125.71
2017-05-24 00:00:00,125.71
2017-05-25 00:00:00,125.77
2017-05-26 00:00:00,125.56
2017-05-29 00:00:00,125.62
2017-05-30 00:00:00,125.95
2017-05-31 00:00:00,125.94
2017-06-01 00:00:00,125.9
2017-06-02 00:00:00,126.03
2017-06-05 00:00:00,126.08
2017-06-06 00:00:00,126.07
2017-06-07 00:00:00,126.02
2017-06-08 00:00:00,125.89
2017-06-09 00:00:00,125.89
2017-06-12 00:00:00,125.94
2017-06-13 00:00:00,125.56
2017-06-14 00:00:00,125.87
2017-06-15 00:00:00,125.77
2017-06-16 00:00:00,125.87
2017-06-19 00:00:00,125.79
2017-06-20 00:00:00,125.91
2017-06-21 00:00:00,125.79
2017-06-22 00:00:00,125.45
2017-06-23 00:00:00,125.61
2017-06-26 00:00:00,125.64
2017-06-27 00:00:00,125.49
2017-06-28 00:00:00,125.56
2017-06-29 00:00:00,125.53
2017-06-30 00:00:00,125.47
2017-07-03 00:00:00,125.09
2017-07-04 00:00:00,125.1
2017-07-05 00:00:00,124.98
2017-07-06 00:00:00,124.57
2017-07-07 00:00:00,124.43
2017-07-10 00:00:00,124.46
2017-07-11 00:00:00,124.67
2017-07-12 00:00:00,125.07
2017-07-13 00:00:00,125.13
2017-07-14 00:00:00,125.34
2017-07-17 00:00:00,125.39
2017-07-18 00:00:00,125.52
2017-07-19 00:00:00,125.55
2017-07-20 00:00:00,125.75
2017-07-21 00:00:00,125.88
2017-07-24 00:00:00,125.93
2017-07-25 00:00:00,125.81
2017-07-26 00:00:00,126.01
2017-07-27 00:00:00,126.25
2017-07-28 00:00:00,126.23
2017-07-31 00:00:00,126.12
2017-08-01 00:00:00,126.27
2017-08-02 00:00:00,126.3
2017-08-03 00:00:00,126.38
2017-08-04 00:00:00,126.47
2017-08-07 00:00:00,126.5
2017-08-08 00:00:00,126.57
2017-08-09 00:00:00,126.55
2017-08-10 00:00:00,126.53
2017-08-11 00:00:00,126.47
2017-08-14 00:00:00,126.55
2017-08-15 00:00:00,126.52
2017-08-16 00:00:00,126.6
2017-08-17 00:00:00,126.75
2017-08-18 00:00:00,126.6
2017-08-21 00:00:00,126.67
2017-08-22 00:00:00,126.68
2017-08-23 00:00:00,126.7
2017-08-24 00:00:00,126.7
2017-08-25 00:00:00,126.75
2017-08-28 00:00:00,126.84
2017-08-29 00:00:00,126.9
2017-08-30 00:00:00,127.02
2017-08-31 00:00:00,127.08
2017-09-01 00:00:00,126.99
2017-09-04 00:00:00,127.13
2017-09-05 00:00:00,127.37
2017-09-06 00:00:00,127.28
2017-09-07 00:00:00,127.37
2017-09-08 00:00:00,127.43
2017-09-11 00:00:00,127.34
2017-09-12 00:00:00,127.2
2017-09-13 00:00:00,127.11
2017-09-14 00:00:00,127.15
2017-09-15 00:00:00,127.2
2017-09-18 00:00:00,127.14
2017-09-19 00:00:00,127.13
2017-09-20 00:00:00,127.15
2017-09-21 00:00:00,127
2017-09-22 00:00:00,127.06
2017-09-25 00:00:00,127.28
2017-09-26 00:00:00,127.2
2017-09-27 00:00:00,127.09
2017-09-28 00:00:00,127.06
2017-09-29 00:00:00,127.17
2017-10-02 00:00:00,127.14
2017-10-03 00:00:00,127.49
2017-10-04 00:00:00,127.6
2017-10-05 00:00:00,127.53
2017-10-06 00:00:00,127.58
2017-10-09 00:00:00,127.5
2017-10-10 00:00:00,127.59
2017-10-11 00:00:00,127.42
2017-10-12 00:00:00,127.52
2017-10-13 00:00:00,127.55
2017-10-16 00:00:00,127.57
2017-10-17 00:00:00,127.5
2017-10-18 00:00:00,127.51
2017-10-19 00:00:00,127.55
2017-10-20 00:00:00,127.46
2017-10-23 00:00:00,127.57
2017-10-24 00:00:00,127.48
2017-10-25 00:00:00,127.39
2017-10-26 00:00:00,127.32
2017-10-27 00:00:00,127.32
2017-10-30 00:00:00,127.62
2017-10-31 00:00:00,127.64
2017-11-01 00:00:00,127.65
2017-11-02 00:00:00,127.49
2017-11-03 00:00:00,127.57
2017-11-06 00:00:00,127.38
2017-11-07 00:00:00,127.13
2017-11-08 00:00:00,126.67
2017-11-09 00:00:00,126.71
2017-11-10 00:00:00,126.4
2017-11-13 00:00:00,126.27
2017-11-14 00:00:00,126.02
2017-11-15 00:00:00,126.04
2017-11-16 00:00:00,126.04
2017-11-17 00:00:00,126.18
2017-11-20 00:00:00,126.21
2017-11-21 00:00:00,126.16
2017-11-22 00:00:00,126.3
2017-11-23 00:00:00,126.41
2017-11-24 00:00:00,126.49
2017-11-27 00:00:00,126.85
2017-11-28 00:00:00,126.92
2017-11-29 00:00:00,126.67
2017-11-30 00:00:00,126.61
2017-12-01 00:00:00,126.78
2017-12-04 00:00:00,126.83
2017-12-05 00:00:00,126.85
2017-12-06 00:00:00,126.87
2017-12-07 00:00:00,126.71
2017-12-08 00:00:00,126.69
2017-12-11 00:00:00,126.68
2017-12-12 00:00:00,126.83
2017-12-13 00:00:00,126.76
2017-12-14 00:00:00,126.9
2017-12-15 00:00:00,126.95
2017-12-18 00:00:00,126.97
2017-12-19 00:00:00,126.96
2017-12-20 00:00:00,127.01
2017-12-21 00:00:00,127.04
2017-12-22 00:00:00,127.09
2017-12-26 00:00:00,127.13
2017-12-27 00:00:00,127.26
2017-12-28 00:00:00,127.19
2017-12-29 00:00:00,127.26
2018-01-02 00:00:00,127.32
2018-01-03 00:00:00,127.44
2018-01-04 00:00:00,127.78
2018-01-05 00:00:00,127.74
2018-01-08 00:00:00,127.95
2018-01-09 00:00:00,127.92
2018-01-10 00:00:00,127.81
2018-01-11 00:00:00,128.06
2018-01-12 00:00:00,128.05
2018-01-15 00:00:00,128.13
2018-01-16 00:00:00,128.19
2018-01-17 00:00:00,128.25
2018-01-18 00:00:00,128.25
2018-01-19 00:00:00,128.21
2018-01-22 00:00:00,128.22
2018-01-23 00:00:00,128.26
2018-01-24 00:00:00,128.27
2018-01-25 00:00:00,128.31
2018-01-26 00:00:00,128.24
2018-01-29 00:00:00,128.32
2018-01-30 00:00:00,128.16
2018-01-31 00:00:00,128.2
2018-02-01 00:00:00,128.21
2018-02-02 00:00:00,128.21
2018-02-05 00:00:00,128.18
2018-02-06 00:00:00,128.01
2018-02-07 00:00:00,128
2018-02-08 00:00:00,128.07
2018-02-09 00:00:00,127.85
2018-02-12 00:00:00,127.3
2018-02-13 00:00:00,127.21
2018-02-14 00:00:00,126.81
2018-02-15 00:00:00,127.02
2018-02-16 00:00:00,127.05
2018-02-19 00:00:00,127.1
2018-02-20 00:00:00,127.09
2018-02-21 00:00:00,127.22
2018-02-22 00:00:00,127.13
2018-02-23 00:00:00,127.2
2018-02-26 00:00:00,127.2
2018-02-27 00:00:00,127.17
2018-02-28 00:00:00,127.23
2018-03-01 00:00:00,127.31
2018-03-02 00:00:00,127.21
2018-03-05 00:00:00,127.09
2018-03-06 00:00:00,127.29
2018-03-07 00:00:00,127.25
2018-03-08 00:00:00,127.21
2018-03-09 00:00:00,127.22
2018-03-12 00:00:00,127.1
2018-03-13 00:00:00,127.11
2018-03-14 00:00:00,127.15
2018-03-15 00:00:00,127.13
2018-03-16 00:00:00,127.13
2018-03-19 00:00:00,127.07
2018-03-20 00:00:00,127.04
2018-03-21 00:00:00,127.06
2018-03-22 00:00:00,126.89
2018-03-23 00:00:00,126.69
2018-03-26 00:00:00,126.69
2018-03-27 00:00:00,126.76
2018-03-28 00:00:00,126.62
2018-03-29 00:00:00,126.75
2018-03-30 00:00:00,126.78
2018-04-02 00:00:00,126.73
2018-04-03 00:00:00,126.85
2018-04-04 00:00:00,127.05
2018-04-05 00:00:00,127.04
2018-04-06 00:00:00,127.18
2018-04-09 00:00:00,127.27
2018-04-10 00:00:00,127.2
2018-04-11 00:00:00,127.16
2018-04-12 00:00:00,127.06
2018-04-13 00:00:00,127.21
2018-04-16 00:00:00,127.19
2018-04-17 00:00:00,127.06
2018-04-18 00:00:00,126.91
2018-04-19 00:00:00,127.05
2018-04-20 00:00:00,126.91
2018-04-23 00:00:00,126.89
2018-04-24 00:00:00,126.92
2018-04-25 00:00:00,126.63
2018-04-26 00:00:00,126.7
2018-04-27 00:00:00,126.65
2018-04-30 00:00:00,126.64
2018-05-01 00:00:00,126.54
2018-05-02 00:00:00,126.31
2018-05-03 00:00:00,125.78
2018-05-04 00:00:00,125.24
2018-05-07 00:00:00,125.38
2018-05-08 00:00:00,125.08
2018-05-09 00:00:00,124.45
2018-05-10 00:00:00,124.79
2018-05-11 00:00:00,125.05
2018-05-14 00:00:00,125.11
2018-05-15 00:00:00,124.74
2018-05-16 00:00:00,124.62
2018-05-17 00:00:00,124.34
2018-05-18 00:00:00,124.33
2018-05-21 00:00:00,123.73
2018-05-22 00:00:00,123.86
2018-05-23 00:00:00,123.91
2018-05-24 00:00:00,124.32
2018-05-25 00:00:00,124.43
2018-05-28 00:00:00,124.61
2018-05-29 00:00:00,124.75
2018-05-30 00:00:00,124.62
2018-05-31 00:00:00,124.76
2018-06-01 00:00:00,124.42
2018-06-04 00:00:00,124.38
2018-06-05 00:00:00,124.51
2018-06-06 00:00:00,124.42
2018-06-07 00:00:00,124.44
2018-06-08 00:00:00,124.23
2018-06-11 00:00:00,124.43
2018-06-12 00:00:00,124.26
2018-06-13 00:00:00,124.05
2018-06-14 00:00:00,124.14
2018-06-15 00:00:00,123.74
2018-06-18 00:00:00,123.35
2018-06-19 00:00:00,123.01
2018-06-20 00:00:00,123.03
2018-06-21 00:00:00,122.92
2018-06-22 00:00:00,122.99
2018-06-25 00:00:00,123.02
2018-06-26 00:00:00,122.09
2018-06-27 00:00:00,122.97
2018-06-28 00:00:00,122.95
2018-06-29 00:00:00,123.12
2018-07-02 00:00:00,123.1
2018-07-03 00:00:00,123.2
2018-07-04 00:00:00,123.21
2018-07-05 00:00:00,123.57
2018-07-06 00:00:00,123.9
2018-07-09 00:00:00,124.41
2018-07-10 00:00:00,124.34
2018-07-11 00:00:00,124.25
2018-07-12 00:00:00,124.16
2018-07-13 00:00:00,124.28
2018-07-16 00:00:00,124.41
2018-07-17 00:00:00,124.46
2018-07-18 00:00:00,124.38
2018-07-19 00:00:00,124.49
2018-07-20 00:00:00,124.58
2018-07-23 00:00:00,124.71
2018-07-24 00:00:00,124.81
2018-07-25 00:00:00,124.93
2018-07-26 00:00:00,125.23
2018-07-27 00:00:00,125.5
2018-07-30 00:00:00,125.71
2018-07-31 00:00:00,125.87
2018-08-01 00:00:00,125.75
2018-08-02 00:00:00,125.56
2018-08-03 00:00:00,125.63
2018-08-06 00:00:00,125.63
2018-08-07 00:00:00,125.66
2018-08-08 00:00:00,125.65
2018-08-09 00:00:00,125.76
2018-08-10 00:00:00,125.62
2018-08-13 00:00:00,124.46
2018-08-14 00:00:00,124.42
2018-08-15 00:00:00,123.86
2018-08-16 00:00:00,123.92
2018-08-17 00:00:00,123.75
2018-08-20 00:00:00,123.82
2018-08-21 00:00:00,123.91
2018-08-22 00:00:00,124.31
2018-08-23 00:00:00,124.33
2018-08-24 00:00:00,124.35
2018-08-27 00:00:00,124.37
2018-08-28 00:00:00,124.38
2018-08-29 00:00:00,124.3
2018-08-30 00:00:00,124.3
2018-08-31 00:00:00,123.97
2018-09-03 00:00:00,123.93
2018-09-04 00:00:00,123.58
2018-09-05 00:00:00,123.53
2018-09-06 00:00:00,123.75
2018-09-07 00:00:00,123.84
2018-09-10 00:00:00,123.92
2018-09-11 00:00:00,124.01
2018-09-12 00:00:00,124.11
2018-09-13 00:00:00,124.44
2018-09-14 00:00:00,124.88
2018-09-17 00:00:00,124.98
2018-09-18 00:00:00,124.95
2018-09-19 00:00:00,125.02
2018-09-20 00:00:00,125.28
2018-09-21 00:00:00,125.53
2018-09-24 00:00:00,125.59
2018-09-25 00:00:00,125.66
2018-09-26 00:00:00,126.21
2018-09-27 00:00:00,126.52
2018-09-28 00:00:00,126.87
2018-10-01 00:00:00,126.87
2018-10-02 00:00:00,126.85
2018-10-03 00:00:00,126.68
2018-10-04 00:00:00,126.37
2018-10-05 00:00:00,126.2
2018-10-08 00:00:00,125.99
2018-10-09 00:00:00,126.03
2018-10-10 00:00:00,126.17
2018-10-11 00:00:00,125.91
2018-10-12 00:00:00,125.99
2018-10-15 00:00:00,126.07
2018-10-16 00:00:00,126.18
2018-10-17 00:00:00,126.42
2018-10-18 00:00:00,126.62
2018-10-19 00:00:00,126.51
2018-10-22 00:00:00,126.65
2018-10-23 00:00:00,126.58
2018-10-24 00:00:00,126.65
2018-10-25 00:00:00,126.64
2018-10-26 00:00:00,126.64
2018-10-29 00:00:00,126.78
2018-10-30 00:00:00,126.77
2018-10-31 00:00:00,126.84
2018-11-01 00:00:00,126.87
2018-11-02 00:00:00,126.97
2018-11-05 00:00:00,127.05
2018-11-06 00:00:00,127.23
2018-11-07 00:00:00,127.37
2018-11-08 00:00:00,127.33
2018-11-09 00:00:00,127.43
2018-11-12 00:00:00,127.45
2018-11-13 00:00:00,127.36
2018-11-14 00:00:00,127.33
2018-11-15 00:00:00,127.15
2018-11-16 00:00:00,127.2
2018-11-19 00:00:00,127.33
2018-11-20 00:00:00,127.09
2018-11-21 00:00:00,126.98
2018-11-22 00:00:00,126.97
2018-11-23 00:00:00,126.92
2018-11-26 00:00:00,126.91
2018-11-27 00:00:00,126.75
2018-11-28 00:00:00,126.83
2018-11-29 00:00:00,127.16
2018-11-30 00:00:00,127.13
2018-12-03 00:00:00,127.57
2018-12-04 00:00:00,127.74
2018-12-05 00:00:00,127.62
2018-12-06 00:00:00,127.64
2018-12-07 00:00:00,127.56
2018-12-10 00:00:00,127.74
2018-12-11 00:00:00,127.68
2018-12-12 00:00:00,127.7
2018-12-13 00:00:00,127.62
2018-12-14 00:00:00,127.67
2018-12-17 00:00:00,127.69
2018-12-18 00:00:00,127.27
2018-12-19 00:00:00,127.13
2018-12-20 00:00:00,127.12
2018-12-21 00:00:00,127.11
2018-12-24 00:00:00,127.13
2018-12-26 00:00:00,127.23
2018-12-27 00:00:00,127.21
2018-12-28 00:00:00,127.13
2018-12-31 00:00:00,127.06
2019-01-02 00:00:00,126.92
2019-01-03 00:00:00,126.97
2019-01-04 00:00:00,127.07
2019-01-07 00:00:00,127.19
2019-01-08 00:00:00,127.24
2019-01-09 00:00:00,127.42
2019-01-10 00:00:00,127.49
2019-01-11 00:00:00,127.51
2019-01-14 00:00:00,127.47
2019-01-15 00:00:00,127.42
2019-01-16 00:00:00,127.82
2019-01-17 00:00:00,127.84
2019-01-18 00:00:00,127.93
2019-01-21 00:00:00,128.13
2019-01-22 00:00:00,128.3
2019-01-23 00:00:00,128.68
2019-01-24 00:00:00,128.91
2019-01-25 00:00:00,128.93
2019-01-28 00:00:00,128.64
2019-01-29 00:00:00,128.54
2019-01-30 00:00:00,128.6
2019-01-31 00:00:00,129.34
2019-02-01 00:00:00,129.59
2019-02-04 00:00:00,129.66
2019-02-05 00:00:00,129.73
2019-02-06 00:00:00,129.92
2019-02-07 00:00:00,129.93
2019-02-08 00:00:00,129.91
2019-02-11 00:00:00,129.89
2019-02-12 00:00:00,130.2
2019-02-13 00:00:00,130.47
2019-02-14 00:00:00,130.5
2019-02-15 00:00:00,130.41
2019-02-18 00:00:00,130.45
2019-02-19 00:00:00,130.59
2019-02-20 00:00:00,130.7
2019-02-21 00:00:00,131.08
2019-02-22 00:00:00,131.16
2019-02-25 00:00:00,131.4
2019-02-26 00:00:00,131.45
2019-02-27 00:00:00,131.48
2019-02-28 00:00:00,131.59
2019-03-01 00:00:00,131.6
2019-03-04 00:00:00,131.69
2019-03-05 00:00:00,131.69
2019-03-06 00:00:00,131.69
2019-03-07 00:00:00,131.73
2019-03-08 00:00:00,131.67
2019-03-11 00:00:00,131.84
2019-03-12 00:00:00,132.01
2019-03-13 00:00:00,132.04
2019-03-14 00:00:00,132.19
2019-03-15 00:00:00,132.35
2019-03-18 00:00:00,132.56
2019-03-19 00:00:00,132.8
2019-03-20 00:00:00,132.87
2019-03-21 00:00:00,133.23
2019-03-22 00:00:00,133.2
2019-03-25 00:00:00,133.02
2019-03-26 00:00:00,133.02
2019-03-27 00:00:00,132.61
2019-03-28 00:00:00,132.09
2019-03-29 00:00:00,132.23
2019-04-01 00:00:00,132.48
2019-04-02 00:00:00,132.62
2019-04-03 00:00:00,132.65
2019-04-04 00:00:00,132.84
2019-04-05 00:00:00,132.87
2019-04-08 00:00:00,132.91
2019-04-09 00:00:00,132.97
2019-04-10 00:00:00,133.05
2019-04-11 00:00:00,132.9
2019-04-12 00:00:00,132.79
2019-04-15 00:00:00,132.74
2019-04-16 00:00:00,132.63
2019-04-17 00:00:00,132.85
2019-04-18 00:00:00,132.83
2019-04-19 00:00:00,132.85
2019-04-22 00:00:00,132.98
2019-04-23 00:00:00,132.95
2019-04-24 00:00:00,133.22
2019-04-25 00:00:00,133.13
2019-04-26 00:00:00,133.2
2019-04-29 00:00:00,133.27
2019-04-30 00:00:00,133.44
2019-05-01 00:00:00,133.55
2019-05-02 00:00:00,133.55
2019-05-03 00:00:00,133.63
2019-05-06 00:00:00,133.62
2019-05-07 00:00:00,133.57
2019-05-08 00:00:00,133.46
2019-05-09 00:00:00,133.36
2019-05-10 00:00:00,133.41
2019-05-13 00:00:00,133.36
2019-05-14 00:00:00,133.27
2019-05-15 00:00:00,133.28
2019-05-16 00:00:00,133.49
2019-05-17 00:00:00,133.44
2019-05-20 00:00:00,133.52
2019-05-21 00:00:00,133.56
2019-05-22 00:00:00,133.69
2019-05-23 00:00:00,133.64
2019-05-24 00:00:00,133.56
2019-05-27 00:00:00,133.58
2019-05-28 00:00:00,133.74
2019-05-29 00:00:00,133.69
2019-05-30 00:00:00,133.84
2019-05-31 00:00:00,133.8
2019-06-03 00:00:00,133.95
2019-06-04 00:00:00,133.87
2019-06-05 00:00:00,134.05
2019-06-06 00:00:00,134.22
2019-06-07 00:00:00,134.32
2019-06-10 00:00:00,134.64
2019-06-11 00:00:00,134.82
2019-06-12 00:00:00,134.95
2019-06-13 00:00:00,135.05
2019-06-14 00:00:00,135.05
2019-06-17 00:00:00,135.13
2019-06-18 00:00:00,135.34
2019-06-19 00:00:00,135.48
2019-06-20 00:00:00,135.89
2019-06-21 00:00:00,135.99
2019-06-24 00:00:00,136.15
2019-06-25 00:00:00,136.17
2019-06-26 00:00:00,136.27
2019-06-27 00:00:00,136.38
2019-06-28 00:00:00,136.51
2019-07-01 00:00:00,136.82
2019-07-02 00:00:00,137.02
2019-07-03 00:00:00,137.17
2019-07-04 00:00:00,137.4
2019-07-05 00:00:00,137.36
2019-07-08 00:00:00,137.45
2019-07-09 00:00:00,137.52
2019-07-10 00:00:00,137.56
2019-07-11 00:00:00,137.6
2019-07-12 00:00:00,137.6
2019-07-15 00:00:00,137.7
2019-07-16 00:00:00,137.91
2019-07-17 00:00:00,138.15
2019-07-18 00:00:00,138.18
2019-07-19 00:00:00,138.38
2019-07-22 00:00:00,138.44
2019-07-23 00:00:00,138.52
2019-07-24 00:00:00,138.83
2019-07-25 00:00:00,138.88
2019-07-26 00:00:00,139.19
2019-07-29 00:00:00,139.26
2019-07-30 00:00:00,139.35
2019-07-31 00:00:00,139.49
2019-08-01 00:00:00,139.44
2019-08-02 00:00:00,139.43
2019-08-05 00:00:00,139.27
2019-08-06 00:00:00,139.18
2019-08-07 00:00:00,139.38
2019-08-08 00:00:00,139.47
2019-08-09 00:00:00,139.64
2019-08-12 00:00:00,139.7
2019-08-13 00:00:00,139.5
2019-08-14 00:00:00,139.52
2019-08-15 00:00:00,139.51
2019-08-16 00:00:00,139.59
2019-08-19 00:00:00,139.74
2019-08-20 00:00:00,139.74
2019-08-21 00:00:00,139.83
2019-08-22 00:00:00,139.84
2019-08-23 00:00:00,139.98
2019-08-26 00:00:00,139.92
2019-08-27 00:00:00,140.22
2019-08-28 00:00:00,140.32
2019-08-29 00:00:00,140.41
2019-08-30 00:00:00,140.46
2019-09-02 00:00:00,140.6
2019-09-03 00:00:00,140.64
2019-09-04 00:00:00,140.83
2019-09-05 00:00:00,140.81
2019-09-06 00:00:00,140.83
2019-09-09 00:00:00,140.81
2019-09-10 00:00:00,140.76
2019-09-11 00:00:00,140.72
2019-09-12 00:00:00,140.83
2019-09-13 00:00:00,140.76
2019-09-16 00:00:00,140.89
2019-09-17 00:00:00,140.84
2019-09-18 00:00:00,140.85
2019-09-19 00:00:00,140.95
2019-09-20 00:00:00,141.02
2019-09-23 00:00:00,141.09
2019-09-24 00:00:00,141.15
2019-09-25 00:00:00,141.05
2019-09-26 00:00:00,141.1
2019-09-27 00:00:00,141.18
2019-09-30 00:00:00,141.32
2019-10-01 00:00:00,141.34
2019-10-02 00:00:00,141.4
2019-10-03 00:00:00,141.35
2019-10-04 00:00:00,141.45
2019-10-07 00:00:00,141.7
2019-10-08 00:00:00,141.54
2019-10-09 00:00:00,141.46
2019-10-10 00:00:00,141.31
2019-10-11 00:00:00,141.32
2019-10-14 00:00:00,141.37
2019-10-15 00:00:00,141.3
2019-10-16 00:00:00,141.29
2019-10-17 00:00:00,141.3
2019-10-18 00:00:00,141.55
2019-10-21 00:00:00,141.52
2019-10-22 00:00:00,141.52
2019-10-23 00:00:00,141.63
2019-10-24 00:00:00,141.72
2019-10-25 00:00:00,141.88
2019-10-28 00:00:00,141.92
2019-10-29 00:00:00,141.86
2019-10-30 00:00:00,141.87
2019-10-31 00:00:00,141.99
2019-11-01 00:00:00,141.95
2019-11-04 00:00:00,142.19
2019-11-05 00:00:00,142.08
2019-11-06 00:00:00,142.24
2019-11-07 00:00:00,142.3
2019-11-08 00:00:00,142.36
2019-11-11 00:00:00,142.46
2019-11-12 00:00:00,142.7
2019-11-13 00:00:00,142.68
2019-11-14 00:00:00,142.81
2019-11-15 00:00:00,142.89
2019-11-18 00:00:00,142.99
2019-11-19 00:00:00,143.05
2019-11-20 00:00:00,143.12
2019-11-21 00:00:00,143.1
2019-11-22 00:00:00,143.06
2019-11-25 00:00:00,143.29
2019-11-26 00:00:00,143.3
2019-11-27 00:00:00,143.34
2019-11-28 00:00:00,143.29
2019-11-29 00:00:00,143.46
2019-12-02 00:00:00,143.53
2019-12-03 00:00:00,143.58
2019-12-04 00:00:00,143.68
2019-12-05 00:00:00,143.87
2019-12-06 00:00:00,143.84
2019-12-09 00:00:00,144
2019-12-10 00:00:00,143.99
2019-12-11 00:00:00,144.15
2019-12-12 00:00:00,144.15
2019-12-13 00:00:00,144.32
2019-12-16 00:00:00,144.36
2019-12-17 00:00:00,144.03
2019-12-18 00:00:00,144.12
2019-12-19 00:00:00,144.17
2019-12-20 00:00:00,144.15
2019-12-23 00:00:00,144.26
2019-12-24 00:00:00,144.25
2019-12-26 00:00:00,144.28
2019-12-27 00:00:00,144.73
2019-12-30 00:00:00,144.7
2019-12-31 00:00:00,144.69
2020-01-02 00:00:00,144.94
2020-01-03 00:00:00,144.91
2020-01-06 00:00:00,144.86
2020-01-07 00:00:00,144.97
2020-01-08 00:00:00,144.95
2020-01-09 00:00:00,145.15
2020-01-10 00:00:00,145.29
2020-01-13 00:00:00,145.5
2020-01-14 00:00:00,145.8
2020-01-15 00:00:00,146.08
2020-01-16 00:00:00,146.42
2020-01-17 00:00:00,146.51
2020-01-20 00:00:00,146.66
2020-01-21 00:00:00,146.73
2020-01-22 00:00:00,146.81
2020-01-23 00:00:00,146.9
2020-01-24 00:00:00,146.95
2020-01-27 00:00:00,146.75
2020-01-28 00:00:00,146.89
2020-01-29 00:00:00,146.98
2020-01-30 00:00:00,147.13
2020-01-31 00:00:00,147.23
2020-02-03 00:00:00,147.31
2020-02-04 00:00:00,147.45
2020-02-05 00:00:00,147.4
2020-02-06 00:00:00,147.52
2020-02-07 00:00:00,147.5
2020-02-10 00:00:00,147.54
2020-02-11 00:00:00,147.51
2020-02-12 00:00:00,147.55
2020-02-13 00:00:00,147.68
2020-02-14 00:00:00,147.66
2020-02-17 00:00:00,147.67
2020-02-18 00:00:00,147.7
2020-02-19 00:00:00,147.68
2020-02-20 00:00:00,147.69
2020-02-21 00:00:00,147.63
2020-02-24 00:00:00,147.65
2020-02-25 00:00:00,147.5
2020-02-26 00:00:00,147.26
2020-02-27 00:00:00,146.81
2020-02-28 00:00:00,145.54
2020-03-02 00:00:00,145.64
2020-03-03 00:00:00,145.99
2020-03-04 00:00:00,146
2020-03-05 00:00:00,146.13
2020-03-06 00:00:00,145.59
2020-03-09 00:00:00,143.92
2020-03-10 00:00:00,142.73
2020-03-11 00:00:00,141.48
2020-03-12 00:00:00,137.5
2020-03-13 00:00:00,136.37
2020-03-16 00:00:00,134.18
2020-03-17 00:00:00,133.22
2020-03-18 00:00:00,132.16
2020-03-19 00:00:00,128.63
2020-03-20 00:00:00,127.93
2020-03-23 00:00:00,128.13
2020-03-24 00:00:00,127.35
2020-03-25 00:00:00,127.87
2020-03-26 00:00:00,128.15
2020-03-27 00:00:00,128.15
2020-03-30 00:00:00,126.84
2020-03-31 00:00:00,126.67
2020-04-01 00:00:00,126.45
2020-04-02 00:00:00,125.59
2020-04-03 00:00:00,126.17
2020-04-06 00:00:00,125.79
2020-04-07 00:00:00,126.21
2020-04-08 00:00:00,126.2
2020-04-09 00:00:00,126.69
2020-04-10 00:00:00,126.51
2020-04-13 00:00:00,127.36
2020-04-14 00:00:00,127.89
2020-04-15 00:00:00,127.99
2020-04-16 00:00:00,128.43
2020-04-17 00:00:00,128.44
2020-04-20 00:00:00,128.69
2020-04-21 00:00:00,128.36
2020-04-22 00:00:00,128.47
2020-04-23 00:00:00,128.8
2020-04-24 00:00:00,129.14
2020-04-27 00:00:00,129.15
2020-04-28 00:00:00,129.53
2020-04-29 00:00:00,129.5
2020-04-30 00:00:00,130.27
2020-05-01 00:00:00,130.6
2020-05-04 00:00:00,130.95
2020-05-05 00:00:00,131.39
2020-05-06 00:00:00,131.75
2020-05-07 00:00:00,131.72
2020-05-08 00:00:00,131.68
2020-05-11 00:00:00,132.37
2020-05-12 00:00:00,132.75
2020-05-13 00:00:00,132.85
2020-05-14 00:00:00,132.7
2020-05-15 00:00:00,132.77
2020-05-18 00:00:00,133.18
2020-05-19 00:00:00,133.46
2020-05-20 00:00:00,133.8
2020-05-21 00:00:00,134.24
2020-05-22 00:00:00,134.42
2020-05-25 00:00:00,134.45
2020-05-26 00:00:00,134.59
2020-05-27 00:00:00,134.59
2020-05-28 00:00:00,134.27
2020-05-29 00:00:00,134.4
2020-06-01 00:00:00,134.42
2020-06-02 00:00:00,134.98
2020-06-03 00:00:00,135.81
2020-06-04 00:00:00,135.89
2020-06-05 00:00:00,136.19
2020-06-08 00:00:00,137.12
2020-06-09 00:00:00,137.83
2020-06-10 00:00:00,137.91
2020-06-11 00:00:00,138.02
2020-06-12 00:00:00,137.82
2020-06-15 00:00:00,137.78
2020-06-16 00:00:00,138.21
2020-06-17 00:00:00,138.35
2020-06-18 00:00:00,138.49
2020-06-19 00:00:00,138.67
2020-06-22 00:00:00,138.96
2020-06-23 00:00:00,139.05
2020-06-24 00:00:00,139.07
2020-06-25 00:00:00,138.95
2020-06-26 00:00:00,138.86
2020-06-29 00:00:00,138.99
2020-06-30 00:00:00,139.29
2020-07-01 00:00:00,139.61
2020-07-02 00:00:00,139.83
2020-07-03 00:00:00,139.94
2020-07-06 00:00:00,139.89
2020-07-07 00:00:00,139.86
2020-07-08 00:00:00,139.85
2020-07-09 00:00:00,139.98
2020-07-10 00:00:00,139.84
2020-07-13 00:00:00,139.78
2020-07-14 00:00:00,139.82
2020-07-15 00:00:00,139.9
2020-07-16 00:00:00,140.03
2020-07-17 00:00:00,140.02
2020-07-20 00:00:00,140.06
2020-07-21 00:00:00,140.22
2020-07-22 00:00:00,140.3
2020-07-23 00:00:00,140.63
2020-07-24 00:00:00,140.55
2020-07-27 00:00:00,140.87
2020-07-28 00:00:00,140.8
2020-07-29 00:00:00,140.77
2020-07-30 00:00:00,140.52
2020-07-31 00:00:00,140.59
2020-08-03 00:00:00,140.69
2020-08-04 00:00:00,140.85
2020-08-05 00:00:00,141.06
2020-08-06 00:00:00,141.17
2020-08-07 00:00:00,141.22
2020-08-10 00:00:00,141.53
2020-08-11 00:00:00,141.68
2020-08-12 00:00:00,141.78
2020-08-13 00:00:00,141.81
2020-08-14 00:00:00,141.81
2020-08-17 00:00:00,142.11
2020-08-18 00:00:00,142.16
2020-08-19 00:00:00,142.33
2020-08-20 00:00:00,142.36
2020-08-21 00:00:00,142.46
2020-08-24 00:00:00,142.62
2020-08-25 00:00:00,142.75
2020-08-26 00:00:00,142.8
2020-08-27 00:00:00,142.95
2020-08-28 00:00:00,143
2020-08-31 00:00:00,143.02
2020-09-01 00:00:00,143.1
2020-09-02 00:00:00,143.42
2020-09-03 00:00:00,143.87
2020-09-04 00:00:00,143.84
2020-09-07 00:00:00,143.87
2020-09-08 00:00:00,143.89
2020-09-09 00:00:00,143.92
2020-09-10 00:00:00,143.86
2020-09-11 00:00:00,143.94
2020-09-14 00:00:00,143.86
2020-09-15 00:00:00,144
2020-09-16 00:00:00,144.19
2020-09-17 00:00:00,144.32
2020-09-18 00:00:00,144.3
2020-09-21 00:00:00,144.06
2020-09-22 00:00:00,143.9
2020-09-23 00:00:00,143.89
2020-09-24 00:00:00,143.63
2020-09-25 00:00:00,143.61
2020-09-28 00:00:00,143.59
2020-09-29 00:00:00,143.56
2020-09-30 00:00:00,143.48
2020-10-01 00:00:00,143.66
2020-10-02 00:00:00,143.58
2020-10-05 00:00:00,143.68
2020-10-06 00:00:00,143.97
2020-10-07 00:00:00,144.07
2020-10-08 00:00:00,144.39
2020-10-09 00:00:00,144.56
2020-10-12 00:00:00,144.92
2020-10-13 00:00:00,145.24
2020-10-14 00:00:00,145.29
2020-10-15 00:00:00,145.25
2020-10-16 00:00:00,145.27
2020-10-19 00:00:00,145.43
2020-10-20 00:00:00,145.44
2020-10-21 00:00:00,145.43
2020-10-22 00:00:00,145.27
2020-10-23 00:00:00,145.02
2020-10-26 00:00:00,145.1
2020-10-27 00:00:00,145.14
2020-10-28 00:00:00,145.02
2020-10-29 00:00:00,145.02
2020-10-30 00:00:00,145.03
2020-11-02 00:00:00,144.92
2020-11-03 00:00:00,145.12
2020-11-04 00:00:00,145.2
2020-11-05 00:00:00,145.7
2020-11-06 00:00:00,145.91
2020-11-09 00:00:00,146.37
2020-11-10 00:00:00,146.56
2020-11-11 00:00:00,146.92
2020-11-12 00:00:00,146.96
2020-11-13 00:00:00,147.16
2020-11-16 00:00:00,147.58
2020-11-17 00:00:00,147.6
2020-11-18 00:00:00,147.68
2020-11-19 00:00:00,147.88
2020-11-20 00:00:00,147.85
2020-11-23 00:00:00,147.91
2020-11-24 00:00:00,148.06
2020-11-25 00:00:00,148.1
2020-11-26 00:00:00,148.16
2020-11-27 00:00:00,148.24
2020-11-30 00:00:00,148.36
2020-12-01 00:00:00,148.47
2020-12-02 00:00:00,148.88
2020-12-03 00:00:00,149.05
2020-12-04 00:00:00,149.29
2020-12-07 00:00:00,149.41
2020-12-08 00:00:00,149.74
2020-12-09 00:00:00,149.77
2020-12-10 00:00:00,149.74
2020-12-11 00:00:00,149.98
2020-12-14 00:00:00,150.19
2020-12-15 00:00:00,150.24
2020-12-16 00:00:00,150.5
2020-12-17 00:00:00,150.68
2020-12-18 00:00:00,150.73
2020-12-21 00:00:00,150.87
2020-12-22 00:00:00,150.86
2020-12-23 00:00:00,150.78
2020-12-24 00:00:00,150.81
2020-12-28 00:00:00,150.88
2020-12-29 00:00:00,151.11
2020-12-30 00:00:00,151.11
2020-12-31 00:00:00,151.21
2021-01-04 00:00:00,151.33
2021-01-05 00:00:00,151.41
2021-01-06 00:00:00,151.42
2021-01-07 00:00:00,151.59
2021-01-08 00:00:00,151.69
2021-01-11 00:00:00,151.81
2021-01-12 00:00:00,151.79
2021-01-13 00:00:00,151.79
2021-01-14 00:00:00,151.91
2021-01-15 00:00:00,151.95
2021-01-18 00:00:00,152.07
2021-01-19 00:00:00,152.1
2021-01-20 00:00:00,152.4
2021-01-21 00:00:00,152.61
2021-01-22 00:00:00,152.53
2021-01-25 00:00:00,152.64
2021-01-26 00:00:00,152.76
2021-01-27 00:00:00,152.75
2021-01-28 00:00:00,152.68
2021-01-29 00:00:00,152.7
2021-02-01 00:00:00,152.96
2021-02-02 00:00:00,153.06
2021-02-03 00:00:00,153.18
2021-02-04 00:00:00,153.22
2021-02-05 00:00:00,153.41
2021-02-08 00:00:00,153.69
2021-02-09 00:00:00,153.86
2021-02-10 00:00:00,153.8
2021-02-11 00:00:00,153.84
2021-02-12 00:00:00,153.79
2021-02-15 00:00:00,153.92
2021-02-16 00:00:00,153.77
2021-02-17 00:00:00,153.54
2021-02-18 00:00:00,153.55
2021-02-19 00:00:00,153.72
2021-02-22 00:00:00,153.66
2021-02-23 00:00:00,153.62
2021-02-24 00:00:00,153.61
2021-02-25 00:00:00,153.22
2021-02-26 00:00:00,153.31
2021-03-01 00:00:00,153.45
2021-03-02 00:00:00,153.64
2021-03-03 00:00:00,153.74
2021-03-04 00:00:00,153.75
2021-03-05 00:00:00,153.5
2021-03-08 00:00:00,153.41
2021-03-09 00:00:00,153.28
2021-03-10 00:00:00,153.45
2021-03-11 00:00:00,153.55
2021-03-12 00:00:00,153.38
2021-03-15 00:00:00,153.59
2021-03-16 00:00:00,153.7
2021-03-17 00:00:00,153.71
2021-03-18 00:00:00,153.69
2021-03-19 00:00:00,153.76
2021-03-22 00:00:00,153.64
2021-03-23 00:00:00,153.34
2021-03-24 00:00:00,153.44
2021-03-25 00:00:00,153.55
2021-03-26 00:00:00,153.47
2021-03-29 00:00:00,153.51
2021-03-30 00:00:00,153.43
2021-03-31 00:00:00,153.41
2021-04-01 00:00:00,153.52
2021-04-02 00:00:00,153.44
2021-04-05 00:00:00,153.69
2021-04-06 00:00:00,153.76
2021-04-07 00:00:00,153.97
2021-04-08 00:00:00,154.1
2021-04-09 00:00:00,154.15
2021-04-12 00:00:00,154.21
2021-04-13 00:00:00,154.27
2021-04-14 00:00:00,154.33
2021-04-15 00:00:00,154.57
2021-04-16 00:00:00,154.46
2021-04-19 00:00:00,154.78
2021-04-20 00:00:00,154.88
2021-04-21 00:00:00,154.77
2021-04-22 00:00:00,154.94
2021-04-23 00:00:00,155.1
2021-04-26 00:00:00,155.13
2021-04-27 00:00:00,155.17
2021-04-28 00:00:00,155.04
2021-04-29 00:00:00,155.12
2021-04-30 00:00:00,155.18
2021-05-03 00:00:00,155.3
2021-05-04 00:00:00,155.44
2021-05-05 00:00:00,155.4
2021-05-06 00:00:00,155.55
2021-05-07 00:00:00,155.62
2021-05-10 00:00:00,155.76
2021-05-11 00:00:00,155.7
2021-05-12 00:00:00,155.71
2021-05-13 00:00:00,155.65
2021-05-14 00:00:00,155.63
2021-05-17 00:00:00,155.72
2021-05-18 00:00:00,155.79
2021-05-19 00:00:00,155.92
2021-05-20 00:00:00,155.94
2021-05-21 00:00:00,156.13
2021-05-24 00:00:00,156.24
2021-05-25 00:00:00,156.17
2021-05-26 00:00:00,156.46
2021-05-27 00:00:00,156.44
2021-05-28 00:00:00,156.47
2021-05-31 00:00:00,156.54
2021-06-01 00:00:00,156.46
2021-06-02 00:00:00,156.66
2021-06-03 00:00:00,156.69
2021-06-04 00:00:00,156.74
2021-06-07 00:00:00,156.77
2021-06-08 00:00:00,156.95
2021-06-09 00:00:00,157.01
2021-06-10 00:00:00,157.16
2021-06-11 00:00:00,157.3
2021-06-14 00:00:00,157.5
2021-06-15 00:00:00,157.42
2021-06-16 00:00:00,157.38
2021-06-17 00:00:00,157.14
2021-06-18 00:00:00,157.14
2021-06-21 00:00:00,157.19
2021-06-22 00:00:00,157.23
2021-06-23 00:00:00,157.22
2021-06-24 00:00:00,157.24
2021-06-25 00:00:00,157.26
2021-06-28 00:00:00,157.37
2021-06-29 00:00:00,157.35
2021-06-30 00:00:00,157.45
2021-07-01 00:00:00,157.34
2021-07-02 00:00:00,157.33
2021-07-05 00:00:00,157.44
2021-07-06 00:00:00,157.37
2021-07-07 00:00:00,157.35
2021-07-08 00:00:00,157.52
2021-07-09 00:00:00,157.46
2021-07-12 00:00:00,157.54
2021-07-13 00:00:00,157.66
2021-07-14 00:00:00,157.63
2021-07-15 00:00:00,157.78
2021-07-16 00:00:00,157.77
2021-07-19 00:00:00,157.8
2021-07-20 00:00:00,157.78
2021-07-21 00:00:00,157.68
2021-07-22 00:00:00,157.78
2021-07-23 00:00:00,157.78
2021-07-26 00:00:00,157.8
2021-07-27 00:00:00,157.88
2021-07-28 00:00:00,157.91
2021-07-29 00:00:00,157.9
2021-07-30 00:00:00,157.94
2021-08-02 00:00:00,158.09
2021-08-03 00:00:00,158.08
2021-08-04 00:00:00,158.03
2021-08-05 00:00:00,158.04
2021-08-06 00:00:00,157.98
2021-08-09 00:00:00,158.03
2021-08-10 00:00:00,158.06
2021-08-11 00:00:00,158.14
2021-08-12 00:00:00,158.15
2021-08-13 00:00:00,158.23
2021-08-16 00:00:00,158.24
2021-08-17 00:00:00,158.34
2021-08-18 00:00:00,158.33
2021-08-19 00:00:00,158.39
2021-08-20 00:00:00,158.36
2021-08-23 00:00:00,158.49
2021-08-24 00:00:00,158.58
2021-08-25 00:00:00,158.63
2021-08-26 00:00:00,158.69
2021-08-27 00:00:00,158.73
2021-08-30 00:00:00,158.77
2021-08-31 00:00:00,158.96
2021-09-01 00:00:00,159
2021-09-02 00:00:00,159.07
2021-09-03 00:00:00,159.19
2021-09-06 00:00:00,159.37
2021-09-07 00:00:00,159.48
2021-09-08 00:00:00,159.54
2021-09-09 00:00:00,159.71
2021-09-10 00:00:00,159.64
2021-09-13 00:00:00,159.75
2021-09-14 00:00:00,159.78
2021-09-15 00:00:00,159.86
2021-09-16 00:00:00,159.82
2021-09-17 00:00:00,159.93
2021-09-20 00:00:00,159.8
2021-09-21 00:00:00,159.86
2021-09-22 00:00:00,159.76
2021-09-23 00:00:00,159.7
2021-09-24 00:00:00,159.5
2021-09-27 00:00:00,159.38
2021-09-28 00:00:00,159.25
2021-09-29 00:00:00,159.21
2021-09-30 00:00:00,159.32
2021-10-01 00:00:00,159.29
2021-10-04 00:00:00,159.31
2021-10-05 00:00:00,159.44
2021-10-06 00:00:00,159.4
2021-10-07 00:00:00,159.42
2021-10-08 00:00:00,159.35
2021-10-11 00:00:00,159.42
2021-10-12 00:00:00,159.3
2021-10-13 00:00:00,159.41
2021-10-14 00:00:00,159.48
2021-10-15 00:00:00,159.64
2021-10-18 00:00:00,159.6
2021-10-19 00:00:00,159.66
2021-10-20 00:00:00,159.81
2021-10-21 00:00:00,159.79
2021-10-22 00:00:00,159.72
2021-10-25 00:00:00,159.79
2021-10-26 00:00:00,159.88
2021-10-27 00:00:00,159.98
2021-10-28 00:00:00,160.15
2021-10-29 00:00:00,160.17
2021-11-01 00:00:00,160.29
2021-11-02 00:00:00,160.4
2021-11-03 00:00:00,160.46
2021-11-04 00:00:00,160.65
2021-11-05 00:00:00,160.97
2021-11-08 00:00:00,161.2
2021-11-09 00:00:00,161.23
2021-11-10 00:00:00,161.27
2021-11-11 00:00:00,160.96
2021-11-12 00:00:00,160.58
2021-11-15 00:00:00,160.56
2021-11-16 00:00:00,160.38
2021-11-17 00:00:00,160.37
2021-11-18 00:00:00,160.32
2021-11-19 00:00:00,160.23
2021-11-22 00:00:00,160.24
2021-11-23 00:00:00,159.92
2021-11-24 00:00:00,159.7
2021-11-25 00:00:00,159.72
2021-11-26 00:00:00,159.44
2021-11-29 00:00:00,159.13
2021-11-30 00:00:00,158.88
2021-12-01 00:00:00,159.04
2021-12-02 00:00:00,158.9
2021-12-03 00:00:00,159.05
2021-12-06 00:00:00,159.01
2021-12-07 00:00:00,159.09
2021-12-08 00:00:00,159.23
2021-12-09 00:00:00,159.36
2021-12-10 00:00:00,159.4
2021-12-13 00:00:00,159.39
2021-12-14 00:00:00,159.64
2021-12-15 00:00:00,159.75
2021-12-16 00:00:00,159.87
2021-12-17 00:00:00,159.74
2021-12-20 00:00:00,159.5
2021-12-21 00:00:00,159.08
2021-12-22 00:00:00,159.26
2021-12-23 00:00:00,159.45
2021-12-24 00:00:00,159.47
2021-12-27 00:00:00,159.37
2021-12-28 00:00:00,159.5
2021-12-29 00:00:00,159.5
2021-12-30 00:00:00,159.58
2021-12-31 00:00:00,159.64
2022-01-03 00:00:00,159.67
2022-01-04 00:00:00,159.76
2022-01-05 00:00:00,159.8
2022-01-06 00:00:00,159.52
2022-01-07 00:00:00,159.52
2022-01-10 00:00:00,159.42
2022-01-11 00:00:00,159.42
2022-01-12 00:00:00,159.45
2022-01-13 00:00:00,159.55
2022-01-14 00:00:00,159.5
2022-01-17 00:00:00,159.5
2022-01-18 00:00:00,159.18
2022-01-19 00:00:00,159.07
2022-01-20 00:00:00,159.21
2022-01-21 00:00:00,159.39
2022-01-24 00:00:00,159.43
2022-01-25 00:00:00,159.17
2022-01-26 00:00:00,159.33
2022-01-27 00:00:00,159.29
2022-01-28 00:00:00,159.45
2022-01-31 00:00:00,159.43
2022-02-01 00:00:00,159.49
2022-02-02 00:00:00,159.74
2022-02-03 00:00:00,159.8
2022-02-04 00:00:00,159.71
2022-02-07 00:00:00,159.67
2022-02-08 00:00:00,159.71
2022-02-09 00:00:00,159.71
2022-02-10 00:00:00,159.61
2022-02-11 00:00:00,159.47
2022-02-14 00:00:00,159.42
2022-02-15 00:00:00,159.39
2022-02-16 00:00:00,159.35
2022-02-17 00:00:00,159.25
2022-02-18 00:00:00,159.34
2022-02-21 00:00:00,159.31
2022-02-22 00:00:00,159.28
2022-02-23 00:00:00,159.36
2022-02-24 00:00:00,158.66
2022-02-25 00:00:00,158.7
2022-02-28 00:00:00,158.49
2022-03-01 00:00:00,158.33
2022-03-02 00:00:00,158.43
2022-03-03 00:00:00,158.32
2022-03-04 00:00:00,157.78
2022-03-07 00:00:00,157.17
2022-03-08 00:00:00,156.93
2022-03-09 00:00:00,157.06
2022-03-10 00:00:00,157.12
2022-03-11 00:00:00,157.09
2022-03-14 00:00:00,157.13
2022-03-15 00:00:00,156.97
2022-03-16 00:00:00,157.27
2022-03-17 00:00:00,157.74
2022-03-18 00:00:00,157.54
2022-03-21 00:00:00,157.64
2022-03-22 00:00:00,157.32
2022-03-23 00:00:00,157.3
2022-03-24 00:00:00,157.43
2022-03-25 00:00:00,157.29
2022-03-28 00:00:00,157.31
2022-03-29 00:00:00,157.39
2022-03-30 00:00:00,157.71
2022-03-31 00:00:00,158.03
2022-04-01 00:00:00,158.1
2022-04-04 00:00:00,157.98
2022-04-05 00:00:00,157.97
2022-04-06 00:00:00,157.72
2022-04-07 00:00:00,157.81
2022-04-08 00:00:00,157.55
2022-04-11 00:00:00,157.41
2022-04-12 00:00:00,157.34
2022-04-13 00:00:00,157.48
2022-04-14 00:00:00,157.65
2022-04-15 00:00:00,157.68
2022-04-18 00:00:00,157.65
2022-04-19 00:00:00,157.74
2022-04-20 00:00:00,157.25
2022-04-21 00:00:00,157.48
2022-04-22 00:00:00,157.36
2022-04-25 00:00:00,157.31
2022-04-26 00:00:00,157.48
2022-04-27 00:00:00,157.38
2022-04-28 00:00:00,157.34
2022-04-29 00:00:00,157.31
2022-05-02 00:00:00,157.01
2022-05-03 00:00:00,156.71
2022-05-04 00:00:00,156.47
2022-05-05 00:00:00,156.75
2022-05-06 00:00:00,156.48
2022-05-09 00:00:00,155.93
2022-05-10 00:00:00,155.52
2022-05-11 00:00:00,155.46
2022-05-12 00:00:00,155.13
2022-05-13 00:00:00,154.96
2022-05-16 00:00:00,154.82
2022-05-17 00:00:00,154.58
2022-05-18 00:00:00,154.61
2022-05-19 00:00:00,153.93
2022-05-20 00:00:00,153.85
2022-05-23 00:00:00,153.97
2022-05-24 00:00:00,153.93
2022-05-25 00:00:00,154.06
2022-05-26 00:00:00,154.32
2022-05-27 00:00:00,154.74
2022-05-30 00:00:00,154.85
2022-05-31 00:00:00,154.9
2022-06-01 00:00:00,154.87
2022-06-02 00:00:00,154.77
2022-06-03 00:00:00,154.82
2022-06-06 00:00:00,154.9
2022-06-07 00:00:00,154.77
2022-06-08 00:00:00,154.64
2022-06-09 00:00:00,154.39
2022-06-10 00:00:00,153.92
2022-06-13 00:00:00,152.48
2022-06-14 00:00:00,152.12
2022-06-15 00:00:00,151.92
2022-06-16 00:00:00,152.03
2022-06-17 00:00:00,152.22
2022-06-20 00:00:00,152.29
2022-06-21 00:00:00,152.29
2022-06-22 00:00:00,152.47
2022-06-23 00:00:00,152.84
2022-06-24 00:00:00,152.94
2022-06-27 00:00:00,153.2
2022-06-28 00:00:00,153.09
2022-06-29 00:00:00,152.82
2022-06-30 00:00:00,152.53
2022-07-01 00:00:00,152.56
2022-07-04 00:00:00,152.85
2022-07-05 00:00:00,153.1
2022-07-06 00:00:00,153.06
2022-07-07 00:00:00,152.6
2022-07-08 00:00:00,152.37
2022-07-11 00:00:00,152.1
2022-07-12 00:00:00,151.66
2022-07-13 00:00:00,151.17
2022-07-14 00:00:00,150.68
2022-07-15 00:00:00,150.57
2022-07-18 00:00:00,150.85
2022-07-19 00:00:00,150.35
2022-07-20 00:00:00,150.73
2022-07-21 00:00:00,151.58
2022-07-22 00:00:00,151.71
2022-07-25 00:00:00,151.83
2022-07-26 00:00:00,151.72
2022-07-27 00:00:00,151.41
2022-07-28 00:00:00,152.05
2022-07-29 00:00:00,152.76
2022-08-01 00:00:00,153.25
2022-08-02 00:00:00,153.44
2022-08-03 00:00:00,153.59
2022-08-04 00:00:00,153.9
2022-08-05 00:00:00,154.28
2022-08-08 00:00:00,154.52
2022-08-09 00:00:00,154.69
2022-08-10 00:00:00,154.68
2022-08-11 00:00:00,155.3
2022-08-12 00:00:00,155.36
2022-08-15 00:00:00,155.68
2022-08-16 00:00:00,155.55
2022-08-17 00:00:00,155.53
2022-08-18 00:00:00,155.47
2022-08-19 00:00:00,155.19
2022-08-22 00:00:00,154.88
2022-08-23 00:00:00,155.1
2022-08-24 00:00:00,155.27
2022-08-25 00:00:00,155.44
2022-08-26 00:00:00,155.63
2022-08-29 00:00:00,155.42
2022-08-30 00:00:00,155.49
2022-08-31 00:00:00,155.47
2022-09-01 00:00:00,155.19
2022-09-02 00:00:00,155.21
2022-09-05 00:00:00,155.18
2022-09-06 00:00:00,155.06
2022-09-07 00:00:00,154.94
2022-09-08 00:00:00,155.13
2022-09-09 00:00:00,155.04
2022-09-12 00:00:00,155.29
2022-09-13 00:00:00,155.26
2022-09-14 00:00:00,154.97
2022-09-15 00:00:00,154.83
2022-09-16 00:00:00,154.71
2022-09-19 00:00:00,154.69
2022-09-20 00:00:00,154.73
2022-09-21 00:00:00,154.68
2022-09-22 00:00:00,154.28
2022-09-23 00:00:00,153.78
2022-09-26 00:00:00,153.32
2022-09-27 00:00:00,152.96
2022-09-28 00:00:00,152.52
2022-09-29 00:00:00,152.26
2022-09-30 00:00:00,152.08
2022-10-03 00:00:00,152.08
2022-10-04 00:00:00,152
2022-10-05 00:00:00,151.69
2022-10-06 00:00:00,150.96
2022-10-07 00:00:00,150.62
2022-10-10 00:00:00,150.52
2022-10-11 00:00:00,150.16
2022-10-12 00:00:00,150.24
2022-10-13 00:00:00,149.99
2022-10-14 00:00:00,149.51
2022-10-17 00:00:00,149.44
2022-10-18 00:00:00,149.5
2022-10-19 00:00:00,149.24
2022-10-20 00:00:00,149.38
2022-10-21 00:00:00,148.61
2022-10-24 00:00:00,148.74
2022-10-25 00:00:00,148.85
2022-10-26 00:00:00,149.15
2022-10-27 00:00:00,149.67
2022-10-28 00:00:00,149.6
2022-10-31 00:00:00,149.69
2022-11-01 00:00:00,149.56
2022-11-02 00:00:00,149.88
2022-11-03 00:00:00,149.66
2022-11-04 00:00:00,149.84
2022-11-07 00:00:00,150.38
2022-11-08 00:00:00,150.56
2022-11-09 00:00:00,150.74
2022-11-10 00:00:00,150.93
2022-11-11 00:00:00,152
2022-11-14 00:00:00,152.11
2022-11-15 00:00:00,152.3
2022-11-16 00:00:00,152.68
2022-11-17 00:00:00,152.66
2022-11-18 00:00:00,152.35
2022-11-21 00:00:00,152.41
2022-11-22 00:00:00,152.69
2022-11-23 00:00:00,152.99
2022-11-24 00:00:00,153.03
2022-11-25 00:00:00,153.9
2022-11-28 00:00:00,153.95
2022-11-29 00:00:00,154.11
2022-11-30 00:00:00,154.23
2022-12-01 00:00:00,154.85
2022-12-02 00:00:00,155.37
2022-12-05 00:00:00,155.62
2022-12-06 00:00:00,155.67
2022-12-07 00:00:00,155.45
2022-12-08 00:00:00,155.54
2022-12-09 00:00:00,155.76
2022-12-12 00:00:00,155.71
2022-12-13 00:00:00,155.91
2022-12-14 00:00:00,156.4
2022-12-15 00:00:00,156.24
2022-12-16 00:00:00,156.15
2022-12-19 00:00:00,156.09
2022-12-20 00:00:00,155.92
2022-12-21 00:00:00,155.87
2022-12-22 00:00:00,156.07
2022-12-23 00:00:00,156.03
2022-12-26 00:00:00,156.08
2022-12-27 00:00:00,155.92
2022-12-28 00:00:00,155.86
2022-12-29 00:00:00,155.91
2022-12-30 00:00:00,155.7
2023-01-02 00:00:00,155.81
2023-01-03 00:00:00,155.99
2023-01-04 00:00:00,156.21
2023-01-05 00:00:00,156.2
2023-01-06 00:00:00,156.3
2023-01-09 00:00:00,156.78
2023-01-10 00:00:00,156.76
2023-01-11 00:00:00,156.82
2023-01-12 00:00:00,157.27
2023-01-13 00:00:00,157.45
2023-01-16 00:00:00,157.47
2023-01-17 00:00:00,157.59
2023-01-18 00:00:00,157.94
2023-01-19 00:00:00,158.22
2023-01-20 00:00:00,158.02
2023-01-23 00:00:00,158.21
2023-01-24 00:00:00,158.31
2023-01-25 00:00:00,158.44
2023-01-26 00:00:00,158.53
2023-01-27 00:00:00,158.32
2023-01-30 00:00:00,158.27
2023-01-31 00:00:00,158.42
2023-02-01 00:00:00,158.52
2023-02-02 00:00:00,159.1
2023-02-03 00:00:00,158.98
2023-02-06 00:00:00,158.42
2023-02-07 00:00:00,158.35
2023-02-08 00:00:00,158.31
2023-02-09 00:00:00,158.42
2023-02-10 00:00:00,157.97
2023-02-13 00:00:00,157.76
2023-02-14 00:00:00,157.84
2023-02-15 00:00:00,157.71
2023-02-16 00:00:00,157.73
2023-02-17 00:00:00,157.65
2023-02-20 00:00:00,157.76
2023-02-21 00:00:00,157.36
2023-02-22 00:00:00,157.24
2023-02-23 00:00:00,157.17
2023-02-24 00:00:00,157.23
2023-02-27 00:00:00,157.35
2023-02-28 00:00:00,157.44
2023-03-01 00:00:00,157.42
2023-03-02 00:00:00,157.09
2023-03-03 00:00:00,157.22
2023-03-06 00:00:00,157.5
2023-03-07 00:00:00,157.53
2023-03-08 00:00:00,157.55
2023-03-09 00:00:00,157.27
2023-03-10 00:00:00,157.36
2023-03-13 00:00:00,157.8
2023-03-14 00:00:00,157.76
2023-03-15 00:00:00,157.49
2023-03-16 00:00:00,157.24
2023-03-17 00:00:00,157.5
2023-03-20 00:00:00,156.94
2023-03-21 00:00:00,157.07
2023-03-22 00:00:00,157.02
2023-03-23 00:00:00,157.39
2023-03-24 00:00:00,157.59
2023-03-27 00:00:00,157.64
2023-03-28 00:00:00,157.54
2023-03-29 00:00:00,157.56
2023-03-30 00:00:00,157.54
2023-03-31 00:00:00,157.53
2023-04-03 00:00:00,157.71
2023-04-04 00:00:00,158.19
2023-04-05 00:00:00,158.1
2023-04-06 00:00:00,158.07
2023-04-07 00:00:00,157.98
2023-04-10 00:00:00,158.32
2023-04-11 00:00:00,158.1
2023-04-12 00:00:00,158.24
2023-04-13 00:00:00,158.29
2023-04-14 00:00:00,158.32
2023-04-17 00:00:00,158.31
2023-04-18 00:00:00,158.41
2023-04-19 00:00:00,158.1
2023-04-20 00:00:00,158.04
2023-04-21 00:00:00,157.89
2023-04-24 00:00:00,157.54
2023-04-25 00:00:00,157.64
2023-04-26 00:00:00,157.62
2023-04-27 00:00:00,157.72
2023-04-28 00:00:00,157.83
2023-05-01 00:00:00,157.87
2023-05-02 00:00:00,157.86
2023-05-03 00:00:00,157.85
2023-05-04 00:00:00,157.91
2023-05-05 00:00:00,157.78
2023-05-08 00:00:00,157.81
2023-05-09 00:00:00,157.8
2023-05-10 00:00:00,157.85
2023-05-11 00:00:00,158.32
2023-05-12 00:00:00,158.38
2023-05-15 00:00:00,157.32
2023-05-16 00:00:00,156.96
2023-05-17 00:00:00,156.99
2023-05-18 00:00:00,156.81
2023-05-19 00:00:00,157.21
2023-05-22 00:00:00,157.05
2023-05-23 00:00:00,156.82
2023-05-24 00:00:00,156.94
2023-05-25 00:00:00,156.81
2023-05-26 00:00:00,156.74
2023-05-29 00:00:00,156.87
2023-05-30 00:00:00,157.48
2023-05-31 00:00:00,157.85
2023-06-01 00:00:00,158.07
2023-06-02 00:00:00,158.35
2023-06-05 00:00:00,159.04
2023-06-06 00:00:00,159.08
2023-06-07 00:00:00,159.2
2023-06-08 00:00:00,159.19
2023-06-09 00:00:00,159.25
2023-06-12 00:00:00,159.28
2023-06-13 00:00:00,159.52
2023-06-14 00:00:00,159.61
2023-06-15 00:00:00,159.46
2023-06-16 00:00:00,159.29
2023-06-19 00:00:00,159.34
2023-06-20 00:00:00,159.15
2023-06-21 00:00:00,159.22
2023-06-22 00:00:00,159.24
2023-06-23 00:00:00,159.52
2023-06-26 00:00:00,159.75
2023-06-27 00:00:00,159.81
2023-06-28 00:00:00,159.88
2023-06-29 00:00:00,159.71
2023-06-30 00:00:00,159.98
2023-07-03 00:00:00,160.13
2023-07-04 00:00:00,160.16
2023-07-05 00:00:00,160.34
2023-07-06 00:00:00,159.69
2023-07-07 00:00:00,159.51
2023-07-10 00:00:00,159.58
2023-07-11 00:00:00,160.21
2023-07-12 00:00:00,160.43
2023-07-13 00:00:00,161.33
2023-07-14 00:00:00,161.42
2023-07-17 00:00:00,161.55
2023-07-18 00:00:00,161.77
2023-07-19 00:00:00,161.69
2023-07-20 00:00:00,161.62
2023-07-21 00:00:00,161.58
2023-07-24 00:00:00,161.68
2023-07-25 00:00:00,161.59
2023-07-26 00:00:00,161.67
2023-07-27 00:00:00,161.91
2023-07-28 00:00:00,161.99
2023-07-31 00:00:00,162.27
2023-08-01 00:00:00,162.01
2023-08-02 00:00:00,161.84
2023-08-03 00:00:00,161.8
2023-08-04 00:00:00,162.07
2023-08-07 00:00:00,162.17
2023-08-08 00:00:00,162.24
2023-08-09 00:00:00,162.31
2023-08-10 00:00:00,162.47
2023-08-11 00:00:00,162.33
2023-08-14 00:00:00,162.18
2023-08-15 00:00:00,161.81
2023-08-16 00:00:00,161.82
2023-08-17 00:00:00,161.53
2023-08-18 00:00:00,161.48
2023-08-21 00:00:00,161.35
2023-08-22 00:00:00,161.5
2023-08-23 00:00:00,161.78
2023-08-24 00:00:00,162.1
2023-08-25 00:00:00,162.1
2023-08-28 00:00:00,162.33
2023-08-29 00:00:00,162.62
2023-08-30 00:00:00,162.68
2023-08-31 00:00:00,162.59
2023-09-01 00:00:00,162.59
2023-09-04 00:00:00,162.68
2023-09-05 00:00:00,162.69
2023-09-06 00:00:00,162.54
2023-09-07 00:00:00,162.54
2023-09-08 00:00:00,162.96
2023-09-11 00:00:00,162.89
2023-09-12 00:00:00,162.84
2023-09-13 00:00:00,162.78
2023-09-14 00:00:00,162.98
2023-09-15 00:00:00,162.9
2023-09-18 00:00:00,162.87
2023-09-19 00:00:00,162.86
2023-09-20 00:00:00,162.96
2023-09-21 00:00:00,162.38
2023-09-22 00:00:00,162.52
2023-09-25 00:00:00,162.52
2023-09-26 00:00:00,162.41
2023-09-27 00:00:00,162.33
2023-09-28 00:00:00,161.85
2023-09-29 00:00:00,162.22
2023-10-02 00:00:00,161.81
2023-10-03 00:00:00,161.34
2023-10-04 00:00:00,161
2023-10-05 00:00:00,161.07
2023-10-06 00:00:00,160.97
2023-10-09 00:00:00,160.64
2023-10-10 00:00:00,161.24
2023-10-11 00:00:00,161.23
2023-10-12 00:00:00,161.06
2023-10-13 00:00:00,160.72
2023-10-16 00:00:00,160.53
2023-10-17 00:00:00,160.44
2023-10-18 00:00:00,160.08
2023-10-19 00:00:00,159.97
2023-10-20 00:00:00,160.03
2023-10-23 00:00:00,160.11
2023-10-24 00:00:00,160.44
2023-10-25 00:00:00,160.61
2023-10-26 00:00:00,160.58
2023-10-27 00:00:00,160.72
2023-10-30 00:00:00,160.93
2023-10-31 00:00:00,161.07
2023-11-01 00:00:00,161.27
2023-11-02 00:00:00,162.08
2023-11-03 00:00:00,162.68
2023-11-06 00:00:00,162.62
2023-11-07 00:00:00,162.6
2023-11-08 00:00:00,162.77
2023-11-09 00:00:00,162.73
2023-11-10 00:00:00,162.58
2023-11-13 00:00:00,162.5
2023-11-14 00:00:00,163.3
2023-11-15 00:00:00,163.3
2023-11-16 00:00:00,163.67
2023-11-17 00:00:00,163.99
2023-11-20 00:00:00,164.18
2023-11-21 00:00:00,164.52
2023-11-22 00:00:00,164.64
2023-11-23 00:00:00,164.69
2023-11-24 00:00:00,164.9
2023-11-27 00:00:00,164.99
2023-11-28 00:00:00,165.08
2023-11-29 00:00:00,165.91
2023-11-30 00:00:00,165.79
2023-12-01 00:00:00,165.89
2023-12-04 00:00:00,166.16
2023-12-05 00:00:00,166.55
2023-12-06 00:00:00,166.81
2023-12-07 00:00:00,166.82
2023-12-08 00:00:00,166.82
2023-12-11 00:00:00,166.88
2023-12-12 00:00:00,167.04
2023-12-13 00:00:00,167.25
2023-12-14 00:00:00,168.86
2023-12-15 00:00:00,169.03
2023-12-18 00:00:00,169.09
2023-12-19 00:00:00,169.25
2023-12-20 00:00:00,169.38
2023-12-21 00:00:00,169.44
2023-12-22 00:00:00,169.53
2023-12-26 00:00:00,169.85
2023-12-27 00:00:00,169.9
2023-12-28 00:00:00,169.91
2023-12-29 00:00:00,169.88
2024-01-02 00:00:00,169.64
2024-01-03 00:00:00,169.09
2024-01-04 00:00:00,168.94
2024-01-05 00:00:00,168.77
2024-01-08 00:00:00,168.73
2024-01-09 00:00:00,168.68
2024-01-10 00:00:00,168.89
2024-01-11 00:00:00,169.18
2024-01-12 00:00:00,169.4
2024-01-15 00:00:00,169.57
2024-01-16 00:00:00,169.39
2024-01-17 00:00:00,169.22
2024-01-18 00:00:00,169.36
2024-01-19 00:00:00,169.33
2024-01-22 00:00:00,169.58
2024-01-23 00:00:00,169.48
2024-01-24 00:00:00,169.77
2024-01-25 00:00:00,169.8
2024-01-26 00:00:00,169.92
2024-01-29 00:00:00,170.05
2024-01-30 00:00:00,170.11
2024-01-31 00:00:00,170.28
2024-02-01 00:00:00,170.48
2024-02-02 00:00:00,170.17
2024-02-05 00:00:00,170.25
2024-02-06 00:00:00,170.35
2024-02-07 00:00:00,170.63
2024-02-08 00:00:00,170.63
2024-02-09 00:00:00,170.6
2024-02-12 00:00:00,170.84
2024-02-13 00:00:00,170.4
2024-02-14 00:00:00,170.43
2024-02-15 00:00:00,170.72
2024-02-16 00:00:00,170.65
2024-02-19 00:00:00,170.74
2024-02-20 00:00:00,170.72
2024-02-21 00:00:00,170.98
2024-02-22 00:00:00,171.02
2024-02-23 00:00:00,171.27
2024-02-26 00:00:00,171.68
2024-02-27 00:00:00,171.6
2024-02-28 00:00:00,171.65
2024-02-29 00:00:00,171.89
2024-03-01 00:00:00,172
2024-03-04 00:00:00,171.91